Week,Date,Colony,Sampling,Bee_ID,Inoc_treatment,Cavity_treatment,No_crithidia,Marginal_cell,notes,screened_by
1,8-Jul,A,1,1,3,Outhouse,0,26.545,,LV
1,8-Jul,A,2,2,3,Outhouse,0,29.988,,LV
1,8-Jul,A,3,3,3,Outhouse,0,28.249,,LV
1,8-Jul,A,4,4,3,Outhouse,0,29.025,,LV
1,8-Jul,A,5,5,3,Outhouse,0,22.405,,LV
1,8-Jul,A,6,6,3,Outhouse,0,24.516,,LV
1,8-Jul,A,7,7,3,Outhouse,0,28.669,,LV
1,8-Jul,A,8,8,3,Outhouse,0,29.953,,LV
1,8-Jul,A,9,9,3,Outhouse,0,26.087,,LV
1,8-Jul,A,10,10,3,Outhouse,0,29.68,,LV
1,8-Jul,A,11,11,3,Outhouse,0,27.145,,LV
1,8-Jul,A,12,12,3,Outhouse,0,26.847,,LV
1,8-Jul,A,13,13,3,Outhouse,0,26.949,,LV
1,8-Jul,A,14,14,3,Outhouse,0,26.31,,LV
1,8-Jul,A,15,15,3,Outhouse,0,28.22,,LV
1,8-Jul,G,1,16,30,Outhouse,0,24.778,,LV
1,8-Jul,G,2,17,30,Outhouse,0,23.629,,LV
1,8-Jul,G,3,18,30,Outhouse,0,26.016,,LV
1,8-Jul,G,4,19,30,Outhouse,0,28.647,,LV
1,8-Jul,G,5,20,30,Outhouse,0,29.089,,LV
1,8-Jul,G,6,21,30,Outhouse,0,27.096,,LV
1,8-Jul,G,7,22,30,Outhouse,0,26.501,,LV
1,8-Jul,G,8,23,30,Outhouse,0,25.424,,LV
1,8-Jul,G,9,24,30,Outhouse,0,17.46,,LV
1,8-Jul,G,10,25,30,Outhouse,0,28.582,,LV
1,8-Jul,G,11,26,30,Outhouse,0,28.047,,LV
1,8-Jul,G,12,27,30,Outhouse,0,29.043,,LV
1,8-Jul,G,13,28,30,Outhouse,0,28.792,,LV
1,8-Jul,G,14,29,30,Outhouse,0,30.121,,LV
1,8-Jul,G,15,30,30,Outhouse,0,23.99,,LV
1,8-Jul,H,1,31,30,Control,0,26.179,,LB
1,8-Jul,H,2,32,30,Control,0,24.959,,LB
1,8-Jul,H,3,33,30,Control,0,23.182,,LB
1,8-Jul,H,4,34,30,Control,0,28.233,,LB
1,8-Jul,H,5,35,30,Control,0,27.857,,LB
1,8-Jul,H,6,36,30,Control,0,25.006,,LB
1,8-Jul,H,7,37,30,Control,0,28.095,,LB
1,8-Jul,H,8,38,30,Control,0,26.029,,LB
1,8-Jul,H,9,39,30,Control,0,23.629,,LB
1,8-Jul,H,10,40,30,Control,0,22.306,,LB
1,8-Jul,H,11,41,30,Control,0,26.094,,LB
1,8-Jul,H,12,42,30,Control,0,25.838,,LB
1,8-Jul,H,13,43,30,Control,0,25.059,,LB
1,8-Jul,H,14,44,30,Control,0,29.787,,LB
1,8-Jul,H,15,45,30,Control,0,27.36,,LB
1,8-Jul,K,1,46,3,Control,0,26.678,,LB
1,8-Jul,K,2,47,3,Control,0,24.049,,LB
1,8-Jul,K,3,48,3,Control,0,20.93,,LB
1,8-Jul,K,4,49,3,Control,0,25.112,,LB
1,8-Jul,K,5,50,3,Control,0,26.148,,LB
1,8-Jul,K,6,51,3,Control,0,22.03,,LB
1,8-Jul,K,7,52,3,Control,0,18.537,,LB
1,8-Jul,K,8,53,3,Control,0,23.148,,LB
1,8-Jul,K,9,54,3,Control,0,24.023,,LB
1,8-Jul,K,10,55,3,Control,0,23.337,,LB
1,8-Jul,K,11,56,3,Control,0,24.082,,LB
1,8-Jul,K,12,57,3,Control,0,28.173,,LB
1,8-Jul,K,13,58,3,Control,0,28.399,,LB
1,8-Jul,K,14,59,3,Control,0,23.041,,LB
1,8-Jul,K,15,60,3,Control,0,23.663,,LB
1,9-Jul,B,1,61,3,Outhouse,0,25.677,,LV
1,9-Jul,B,2,62,3,Outhouse,0,27.828,,LV
1,9-Jul,B,3,63,3,Outhouse,0,24.863,,LV
1,9-Jul,B,4,64,3,Outhouse,0,24.004,,LV
1,9-Jul,B,5,65,3,Outhouse,0,23.629,,LV
1,9-Jul,B,6,66,3,Outhouse,0,22.731,,LV
1,9-Jul,B,7,67,3,Outhouse,0,21.111,,LV
1,9-Jul,B,8,68,3,Outhouse,0,26.939,,LV
1,9-Jul,B,9,69,3,Outhouse,0,25.256,,LV
1,9-Jul,B,10,70,3,Outhouse,0,22.168,,LV
1,9-Jul,B,11,71,3,Outhouse,0,24.691,,LV
1,9-Jul,B,12,72,3,Outhouse,0,29.003,,LV
1,9-Jul,B,13,73,3,Outhouse,0,24.997,,LV
1,9-Jul,B,14,74,3,Outhouse,0,22.743,,LV
1,9-Jul,B,15,75,3,Outhouse,0,28.389,,LV
1,9-Jul,E,1,76,30,Outhouse,0,28.352,,LV
1,9-Jul,E,2,77,30,Outhouse,0,20.206,,LV
1,9-Jul,E,3,78,30,Outhouse,0,24.049,,LV
1,9-Jul,E,4,79,30,Outhouse,0,23.942,,LV
1,9-Jul,E,5,80,30,Outhouse,0,26.431,,LV
1,9-Jul,E,6,81,30,Outhouse,0,25.601,,LV
1,9-Jul,E,7,82,30,Outhouse,0,26.367,,LV
1,9-Jul,E,8,83,30,Outhouse,0,23.692,,LV
1,9-Jul,E,9,84,30,Outhouse,0,28.647,,LV
1,9-Jul,E,10,85,30,Outhouse,0,23.152,,LV
1,9-Jul,E,11,86,30,Outhouse,0,16.756,,LV
1,9-Jul,E,12,87,30,Outhouse,0,23.285,,LV
1,9-Jul,E,13,88,30,Outhouse,0,25.951,,LV
1,9-Jul,E,14,89,30,Outhouse,0,25.424,,LV
1,9-Jul,E,15,90,30,Outhouse,0,17.677,,LV
1,9-Jul,F,1,91,30,Control,0,24.642,,LB
1,9-Jul,F,2,92,30,Control,0,27.054,,LB
1,9-Jul,F,3,93,30,Control,0,30.594,,LB
1,9-Jul,F,4,94,30,Control,0,25.119,,LB
1,9-Jul,F,5,95,30,Control,0,26.528,,LB
1,9-Jul,F,6,96,30,Control,0,25.842,,LB
1,9-Jul,F,7,97,30,Control,0,26.847,,LB
1,9-Jul,F,8,98,30,Control,0,27.145,,LB
1,9-Jul,F,9,99,30,Control,0,30.071,,LB
1,9-Jul,F,10,100,30,Control,0,30.317,,LB
1,9-Jul,F,11,101,30,Control,0,25.171,,LB
1,9-Jul,F,12,102,30,Control,0,23.569,,LB
1,9-Jul,F,13,103,30,Control,0,26.926,,LB
1,9-Jul,F,14,104,30,Control,0,21.641,,LB
1,9-Jul,F,15,105,30,Control,0,26.965,,LB
1,9-Jul,M,1,106,30,Control,0,26.26,,LB
1,9-Jul,M,2,107,30,Control,0,24.414,,LB
1,9-Jul,M,3,108,30,Control,0,29.894,,LB
1,9-Jul,M,4,109,30,Control,0,22.03,,LB
1,9-Jul,M,5,110,30,Control,0,30.097,,LB
1,9-Jul,M,6,111,30,Control,0,29.811,,LB
1,9-Jul,M,7,112,30,Control,0,28.452,,LB
1,9-Jul,M,8,113,30,Control,0,28.991,,LB
1,9-Jul,M,9,114,30,Control,0,28.22,,LB
1,9-Jul,M,10,115,30,Control,0,27.096,,LB
1,9-Jul,M,11,116,30,Control,0,30.071,,LB
1,9-Jul,M,12,117,30,Control,0,24.917,,LB
1,9-Jul,M,13,118,30,Control,0,29.713,,LB
1,9-Jul,M,14,119,30,Control,0,31.997,,LB
1,9-Jul,M,15,120,30,Control,0,19.852,,LB
1,10-Jul,C,1,121,3,Outhouse,0,28.576,,LV
1,10-Jul,C,2,122,3,Outhouse,0,28.77,,LV
1,10-Jul,C,3,123,3,Outhouse,0,24.863,,LV
1,10-Jul,C,4,124,3,Outhouse,0,26.179,,LV
1,10-Jul,C,5,125,3,Outhouse,0,24.425,,LV
1,10-Jul,C,6,126,3,Outhouse,0,30.376,,LV
1,10-Jul,C,7,127,3,Outhouse,0,29.569,,LV
1,10-Jul,C,8,128,3,Outhouse,0,28.352,,LV
1,10-Jul,C,9,129,3,Outhouse,0,25.677,,LV
1,10-Jul,C,10,130,3,Outhouse,0,25.006,,LV
1,10-Jul,C,11,131,3,Outhouse,0,24.425,,LV
1,10-Jul,C,12,132,3,Outhouse,0,22.731,,LV
1,10-Jul,C,13,133,3,Outhouse,0,27.054,,LV
1,10-Jul,C,14,134,3,Outhouse,0,27.357,,LV
1,10-Jul,C,15,135,3,Outhouse,0,26.148,,LV
1,10-Jul,I,1,136,30,Outhouse,0,26.953,,LV
1,10-Jul,I,2,137,30,Outhouse,0,23.324,,LV
1,10-Jul,I,3,138,30,Outhouse,0,23.275,,LV
1,10-Jul,I,4,139,30,Outhouse,0,24.505,,LV
1,10-Jul,I,5,140,30,Outhouse,0,23.061,,LV
1,10-Jul,I,6,141,30,Outhouse,0,29.94,,LV
1,10-Jul,I,7,142,30,Outhouse,0,25.741,,LV
1,10-Jul,I,8,143,30,Outhouse,0,20.515,,LV
1,10-Jul,I,9,144,30,Outhouse,0,29.451,,LV
1,10-Jul,I,10,145,30,Outhouse,0,22.439,,LV
1,10-Jul,I,11,146,30,Outhouse,0,29.294,,LV
1,10-Jul,I,12,147,30,Outhouse,0,25.662,,LV
1,10-Jul,I,13,148,30,Outhouse,0,24.76,,LV
1,10-Jul,I,14,149,30,Outhouse,0,25.665,,LV
1,10-Jul,I,15,150,30,Outhouse,0,29.975,,LV
1,10-Jul,L,1,151,3,Control,0,28.634,,LB
1,10-Jul,L,2,152,3,Control,0,26.65,,LB
1,10-Jul,L,3,153,3,Control,0,23.742,,LB
1,10-Jul,L,4,154,3,Control,0,23.577,,LB
1,10-Jul,L,5,155,3,Control,0,26.756,,LB
1,10-Jul,L,6,156,3,Control,0,23.183,,LB
1,10-Jul,L,7,157,3,Control,0,23.233,,LB
1,10-Jul,L,8,158,3,Control,0,23.742,,LB
1,10-Jul,L,9,159,3,Control,0,23.682,,LB
1,10-Jul,L,10,160,3,Control,31,26.937,,LB
1,10-Jul,L,11,161,3,Control,0,25.202,,LB
1,10-Jul,L,12,162,3,Control,0,24.852,,LB
1,10-Jul,L,13,163,3,Control,0,23.831,,LB
1,10-Jul,L,14,164,3,Control,0,25.919,,LB
1,10-Jul,L,15,165,3,Control,0,22.486,,LB
1,10-Jul,Q,1,166,30,Control,0,27.396,,LB
1,10-Jul,Q,2,167,30,Control,0,26.623,,LB
1,10-Jul,Q,3,168,30,Control,0,23.324,,LB
1,10-Jul,Q,4,169,30,Control,0,23.596,,LB
1,10-Jul,Q,5,170,30,Control,0,27.451,,LB
1,10-Jul,Q,6,171,30,Control,0,31.439,,LB
1,10-Jul,Q,7,172,30,Control,0,28.198,,LB
1,10-Jul,Q,8,173,30,Control,0,23.875,,LB
1,10-Jul,Q,9,174,30,Control,0,26.53,,LB
1,10-Jul,Q,10,175,30,Control,0,27.682,,LB
1,10-Jul,Q,11,176,30,Control,0,25.426,,LB
1,10-Jul,Q,12,177,30,Control,0,27.296,,LB
1,10-Jul,Q,13,178,30,Control,0,29.544,,LB
1,10-Jul,Q,14,179,30,Control,0,27.189,,LB
1,10-Jul,Q,15,180,30,Control,0,25.786,,LB
1,11-Jul,D,1,181,3,Outhouse,0,26.976,,LB
1,11-Jul,D,2,182,3,Outhouse,0,19.718,,LB
1,11-Jul,D,3,183,3,Outhouse,0,21.038,,LB
1,11-Jul,D,4,184,3,Outhouse,0,27.425,,LB
1,11-Jul,D,5,185,3,Outhouse,0,24.994,,LB
1,11-Jul,D,6,186,3,Outhouse,0,21.072,,LB
1,11-Jul,D,7,187,3,Outhouse,0,22.49,,LB
1,11-Jul,D,8,188,3,Outhouse,0,23.366,,LB
1,11-Jul,D,9,189,3,Outhouse,0,25.047,,LB
1,11-Jul,D,10,190,3,Outhouse,0,29.294,,LB
1,11-Jul,D,11,191,3,Outhouse,0,28.619,,LB
1,11-Jul,D,12,192,3,Outhouse,0,26.299,,LB
1,11-Jul,D,13,193,3,Outhouse,0,24.501,,LB
1,11-Jul,D,14,194,3,Outhouse,0,26.937,,LB
1,11-Jul,D,15,195,3,Outhouse,0,25.589,,LB
1,11-Jul,J,1,196,30,Outhouse,0,22.907,,LB
1,11-Jul,J,2,197,30,Outhouse,0,20.232,,LB
1,11-Jul,J,3,198,30,Outhouse,0,29.076,,LB
1,11-Jul,J,4,199,30,Outhouse,0,32.824,,LB
1,11-Jul,J,5,200,30,Outhouse,0,27.88,,LB
1,11-Jul,J,6,201,30,Outhouse,0,23.517,,LB
1,11-Jul,J,7,202,30,Outhouse,0,21.717,,LB
1,11-Jul,J,8,203,30,Outhouse,0,20.618,,LB
1,11-Jul,J,9,204,30,Outhouse,0,24.389,,LB
1,11-Jul,J,10,205,30,Outhouse,0,27.006,,LB
1,11-Jul,J,11,206,30,Outhouse,0,24.012,,LB
1,11-Jul,J,12,207,30,Outhouse,0,22.907,,LB
1,11-Jul,J,13,208,30,Outhouse,0,25.741,,LB
1,11-Jul,J,14,209,30,Outhouse,0,25.662,,LB
1,11-Jul,J,15,210,30,Outhouse,0,26.49,,LB
1,11-Jul,N,1,211,3,Control,0,25.241,,LB
1,11-Jul,N,2,212,3,Control,0,22.771,,LB
1,11-Jul,N,3,213,3,Control,0,26.623,,LB
1,11-Jul,N,4,214,3,Control,0,24.403,,LB
1,11-Jul,N,5,215,3,Control,0,24.948,,LB
1,11-Jul,N,6,216,3,Control,0,25.464,,LB
1,11-Jul,N,7,217,3,Control,0,26.927,,LB
1,11-Jul,N,8,218,3,Control,0,28.563,,LB
1,11-Jul,N,9,219,3,Control,0,24.097,,LB
1,11-Jul,N,10,220,3,Control,0,26.976,,LB
1,11-Jul,N,11,221,3,Control,0,23.983,,LB
1,11-Jul,N,12,222,3,Control,0,27.15,,LB
1,11-Jul,N,13,223,3,Control,0,27.921,,LB
1,11-Jul,N,14,224,3,Control,0,29.267,,LB
1,11-Jul,N,15,225,3,Control,0,27.857,,LB
1,11-Jul,T,1,226,30,Control,0,28.905,,LB
1,11-Jul,T,2,227,30,Control,0,28.606,,LB
1,11-Jul,T,3,228,30,Control,0,28.198,,LB
1,11-Jul,T,4,229,30,Control,0,25.675,,LB
1,11-Jul,T,5,230,30,Control,0,29.797,,LB
1,11-Jul,T,6,231,30,Control,0,29.64,,LB
1,11-Jul,T,7,232,30,Control,0,25.881,,LB
1,11-Jul,T,8,233,30,Control,0,26.137,,LB
1,11-Jul,T,9,234,30,Control,0,25.273,,LB
1,11-Jul,T,10,235,30,Control,0,26.586,,LB
1,11-Jul,T,11,236,30,Control,0,25.328,,LB
1,11-Jul,T,12,237,30,Control,0,28.386,,LB
1,11-Jul,T,13,238,30,Control,0,25.748,,LB
1,11-Jul,T,14,239,30,Control,0,27.857,,LB
1,11-Jul,T,15,240,30,Control,0,27.768,,LB
1,12-Jul,O,1,241,3,Control,0,27.635,,LB
1,12-Jul,O,2,242,3,Control,0,21.883,,LB
1,12-Jul,O,3,243,3,Control,0,29.217,,LB
1,12-Jul,O,4,244,3,Control,0,28.91,,LB
1,12-Jul,O,5,245,3,Control,0,27.739,,LB
1,12-Jul,O,6,246,3,Control,0,28.595,,LB
1,12-Jul,O,7,247,3,Control,0,29.769,,LB
1,12-Jul,O,8,248,3,Control,0,28.595,,LB
1,12-Jul,O,9,249,3,Control,0,19.172,,LB
1,12-Jul,O,10,250,3,Control,0,27.053,,LB
1,12-Jul,O,11,251,3,Control,0,23.764,,LB
1,12-Jul,O,12,252,3,Control,0,29.019,,LB
1,12-Jul,O,13,253,3,Control,0,22.207,,LB
1,12-Jul,O,14,254,3,Control,0,31.469,,LB
1,12-Jul,O,15,255,3,Control,0,24.182,,LB
1,12-Jul,P,1,256,30,Outhouse,0,30.122,,LB
1,12-Jul,P,2,257,30,Outhouse,0,29.019,,LB
1,12-Jul,P,3,258,30,Outhouse,0,26.101,,LB
1,12-Jul,P,4,259,30,Outhouse,0,25.816,,LB
1,12-Jul,P,5,260,30,Outhouse,0,25.945,,LB
1,12-Jul,P,6,261,30,Outhouse,0,22.971,,LB
1,12-Jul,P,7,262,30,Outhouse,0,25.138,,LB
1,12-Jul,P,8,263,30,Outhouse,0,28.137,,LB
1,12-Jul,P,9,264,30,Outhouse,0,31.137,,LB
1,12-Jul,P,10,265,30,Outhouse,0,30.962,,LB
1,12-Jul,P,11,266,30,Outhouse,0,26.212,,LB
1,12-Jul,P,12,267,30,Outhouse,0,31.035,,LB
1,12-Jul,P,13,268,30,Outhouse,0,20.267,,LB
1,12-Jul,P,14,269,30,Outhouse,0,28.111,,LB
1,12-Jul,P,15,270,30,Outhouse,0,29.482,,LB
1,12-Jul,R,1,271,3,Outhouse,0,25.919,,LB
1,12-Jul,R,2,272,3,Outhouse,0,27.357,,LB
1,12-Jul,R,3,273,3,Outhouse,0,27.348,,LB
1,12-Jul,R,4,274,3,Outhouse,0,19.79,,LB
1,12-Jul,R,5,275,3,Outhouse,0,28.513,,LB
1,12-Jul,R,6,276,3,Outhouse,0,28.063,,LB
1,12-Jul,R,7,277,3,Outhouse,0,25.146,,LB
1,12-Jul,R,8,278,3,Outhouse,0,25.665,,LB
1,12-Jul,R,9,279,3,Outhouse,0,24.093,,LB
1,12-Jul,R,10,281,3,Outhouse,0,26.64,,LB
1,12-Jul,R,11,282,3,Outhouse,0,26.49,,LB
1,12-Jul,R,12,283,3,Outhouse,0,25.693,,LB
1,12-Jul,R,13,284,3,Outhouse,0,23.271,,LB
1,12-Jul,R,14,285,3,Outhouse,0,29.809,,LB
1,12-Jul,R,15,286,3,Outhouse,0,25.416,,LB
1,12-Jul,S,1,287,3,Control,0,25.523,,LB
1,12-Jul,S,2,288,3,Control,0,28.619,,LB
1,12-Jul,S,3,289,3,Control,0,27.042,,LB
1,12-Jul,S,4,290,3,Control,0,23.558,,LB
1,12-Jul,S,5,291,3,Control,0,27.88,,LB
1,12-Jul,S,6,292,3,Control,0,28.189,,LB
1,12-Jul,S,7,293,3,Control,0,26.924,,LB
1,12-Jul,S,8,294,3,Control,0,28.082,,LB
1,12-Jul,S,9,295,3,Control,0,29.877,,LB
1,12-Jul,S,10,296,3,Control,0,26.329,,LB
1,12-Jul,S,11,297,3,Control,0,21.631,,LB
1,12-Jul,S,12,298,3,Control,0,22.596,,LB
1,12-Jul,S,13,299,3,Control,0,28.236,,LB
1,12-Jul,S,14,300,3,Control,0,28.082,,LB
1,12-Jul,S,15,301,3,Control,0,30.851,,LB
2,15-Jul,A,1,302,3,Outhouse,0,24.047,,LB
2,15-Jul,A,2,303,3,Outhouse,0,30.209,,LB
2,15-Jul,A,3,304,3,Outhouse,0,27.474,,LB
2,15-Jul,A,4,305,3,Outhouse,0,22.991,,LB
2,15-Jul,A,5,306,3,Outhouse,0,27.713,,LB
2,15-Jul,A,6,307,3,Outhouse,0,32.164,,LB
2,15-Jul,A,7,308,3,Outhouse,0,21.717,,LB
2,15-Jul,A,8,309,3,Outhouse,0,28.636,,LB
2,15-Jul,A,9,310,3,Outhouse,0,25.52,,LB
2,15-Jul,A,10,311,3,Outhouse,0,26.483,,LB
2,15-Jul,A,11,312,3,Outhouse,0,29.217,,LB
2,15-Jul,A,12,313,3,Outhouse,0,25.019,,LB
2,15-Jul,A,13,314,3,Outhouse,0,26.359,,LB
2,15-Jul,A,14,315,3,Outhouse,0,28.494,,LB
2,15-Jul,A,15,316,3,Outhouse,0,26.056,,LB
2,15-Jul,G,1,317,30,Outhouse,0,29.482,,LV
2,15-Jul,G,2,318,30,Outhouse,0,26.277,,LV
2,15-Jul,G,3,319,30,Outhouse,0,27.53,,LV
2,15-Jul,G,4,320,30,Outhouse,0,27.368,,LV
2,15-Jul,G,5,321,30,Outhouse,0,28.985,,LV
2,15-Jul,G,6,322,30,Outhouse,0,23.794,,LV
2,15-Jul,G,7,323,30,Outhouse,0,22.434,,LV
2,15-Jul,G,8,324,30,Outhouse,0,28.91,,LV
2,15-Jul,G,9,325,30,Outhouse,0,25.257,,LV
2,15-Jul,G,10,326,30,Outhouse,0,30.185,,LV
2,15-Jul,G,11,327,30,Outhouse,0,28.919,,LV
2,15-Jul,G,12,328,30,Outhouse,0,30.619,,LV
2,15-Jul,G,13,329,30,Outhouse,0,27.02,,LV
2,15-Jul,G,14,330,30,Outhouse,0,22.63,,LV
2,15-Jul,G,15,331,30,Outhouse,0,27.536,,LV
2,15-Jul,K,1,332,3,Control,0,26.153,,LB
2,15-Jul,K,2,333,3,Control,0,22.51,,LB
2,15-Jul,K,3,334,3,Control,0,29.106,,LB
2,15-Jul,K,4,335,3,Control,0,21.259,,LB
2,15-Jul,K,5,336,3,Control,0,25.679,,LB
2,15-Jul,K,6,337,3,Control,0,22.304,,LB
2,15-Jul,K,7,338,3,Control,0,25.962,,LB
2,15-Jul,K,8,339,3,Control,0,25.019,,LB
2,15-Jul,K,9,340,3,Control,0,23.84,,LB
2,15-Jul,K,10,341,3,Control,0,25.791,,LB
2,15-Jul,K,11,342,3,Control,0,20.847,,LB
2,15-Jul,K,12,343,3,Control,0,26.349,,LB
2,15-Jul,K,13,344,3,Control,0,22.955,,LB
2,15-Jul,K,14,345,3,Control,0,23.991,,LB
2,15-Jul,K,15,346,3,Control,0,19.998,,LB
2,15-Jul,T,1,347,30,Control,0,26.442,,LV
2,15-Jul,T,2,348,30,Control,0,21.717,,LV
2,15-Jul,T,3,349,30,Control,0,23.01,,LV
2,15-Jul,T,4,350,30,Control,0,27.219,,LV
2,15-Jul,T,5,351,30,Control,0,26.795,,LV
2,15-Jul,T,6,352,30,Control,0,23.626,,LV
2,15-Jul,T,7,353,30,Control,0,24.413,,LV
2,15-Jul,T,8,354,30,Control,0,27.635,,LV
2,15-Jul,T,9,355,30,Control,0,28.108,,LV
2,15-Jul,T,10,356,30,Control,0,29.106,,LV
2,15-Jul,T,11,357,30,Control,0,29.335,,LV
2,15-Jul,T,12,358,30,Control,0,28.108,,LV
2,15-Jul,T,13,359,30,Control,0,27.895,,LV
2,15-Jul,T,14,360,30,Control,0,29.353,,LV
2,15-Jul,T,15,361,30,Control,0,26.902,,LV
2,16-Jul,B,1,362,3,Outhouse,0,21.293,,LB
2,16-Jul,B,2,363,3,Outhouse,0,30.002,,LB
2,16-Jul,B,3,364,3,Outhouse,0,22.434,,LB
2,16-Jul,B,4,365,3,Outhouse,0,34.435,,LB
2,16-Jul,B,5,366,3,Outhouse,0,34.694,,LB
2,16-Jul,B,6,367,3,Outhouse,0,27.536,,LB
2,16-Jul,B,7,368,3,Outhouse,0,28.06,,LB
2,16-Jul,B,8,369,3,Outhouse,0,21.293,,LB
2,16-Jul,B,9,370,3,Outhouse,0,24.747,,LB
2,16-Jul,B,10,371,3,Outhouse,0,30.059,,LB
2,16-Jul,B,11,372,3,Outhouse,0,29.772,,LB
2,16-Jul,B,12,373,3,Outhouse,0,23.934,,LB
2,16-Jul,B,13,374,3,Outhouse,0,27.219,,LB
2,16-Jul,B,14,375,3,Outhouse,0,27.895,,LB
2,16-Jul,B,15,376,3,Outhouse,0,32.332,,LB
2,16-Jul,E,1,377,30,Outhouse,0,26.845,,LV
2,16-Jul,E,2,378,30,Outhouse,0,26.08,,LV
2,16-Jul,E,3,379,30,Outhouse,0,26.996,,LV
2,16-Jul,E,4,380,30,Outhouse,0,20.869,,LV
2,16-Jul,E,5,381,30,Outhouse,0,24.571,,LV
2,16-Jul,E,6,382,30,Outhouse,0,31.218,,LV
2,16-Jul,E,7,383,30,Outhouse,0,30.257,,LV
2,16-Jul,E,8,384,30,Outhouse,0,19.628,,LV
2,16-Jul,E,9,385,30,Outhouse,0,27.661,,LV
2,16-Jul,E,10,386,30,Outhouse,0,28.532,,LV
2,16-Jul,E,11,387,30,Outhouse,0,19.471,,LV
2,16-Jul,E,12,388,30,Outhouse,0,26.046,,LV
2,16-Jul,E,13,389,30,Outhouse,0,24.29,,LV
2,16-Jul,E,14,390,30,Outhouse,0,27.566,,LV
2,16-Jul,E,15,391,30,Outhouse,0,18.939,,LV
2,16-Jul,F,1,392,30,Control,0,25.633,,LV
2,16-Jul,F,2,393,30,Control,35,28.377,,LV
2,16-Jul,F,3,394,30,Control,0,25.858,,LV
2,16-Jul,F,4,395,30,Control,0,28.085,,LV
2,16-Jul,F,5,396,30,Control,59,27.328,,LV
2,16-Jul,F,6,397,30,Control,0,29.019,,LV
2,16-Jul,F,7,398,30,Control,0,24.714,,LV
2,16-Jul,F,8,399,30,Control,0,25.682,,LV
2,16-Jul,F,9,400,30,Control,9,25.945,,LV
2,16-Jul,F,10,401,30,Control,0,27.474,,LV
2,16-Jul,F,11,402,30,Control,0,29.344,,LV
2,16-Jul,F,12,403,30,Control,0,22.015,,LV
2,16-Jul,F,13,404,30,Control,0,26.37,,LV
2,16-Jul,F,14,405,30,Control,3,28.636,,LV
2,16-Jul,F,15,406,30,Control,0,27.474,,LV
2,16-Jul,L,1,407,3,Control,0,24.29,,LB
2,16-Jul,L,2,408,3,Control,0,30.48,,LB
2,16-Jul,L,3,409,3,Control,0,24.787,,LB
2,16-Jul,L,4,410,3,Control,0,27.263,,LB
2,16-Jul,L,5,411,3,Control,0,25.934,,LB
2,16-Jul,L,6,412,3,Control,0,23.661,,LB
2,16-Jul,L,7,413,3,Control,0,25.52,,LB
2,16-Jul,L,8,414,3,Control,0,22.121,,LB
2,16-Jul,L,9,415,3,Control,0,26.784,,LB
2,16-Jul,L,10,416,3,Control,0,23.396,,LB
2,16-Jul,L,11,417,3,Control,0,22.738,,LB
2,16-Jul,L,12,418,3,Control,0,24.878,,LB
2,16-Jul,L,13,419,3,Control,0,28.178,,LB
2,16-Jul,L,14,420,3,Control,0,26.356,,LB
2,16-Jul,L,15,421,3,Control,0,25.732,,LB
2,17-Jul,C,1,422,3,Outhouse,0,22.105,,LV
2,17-Jul,C,2,423,3,Outhouse,0,29.019,,LV
2,17-Jul,C,3,424,3,Outhouse,0,29.769,,LV
2,17-Jul,C,4,425,3,Outhouse,0,24.853,,LV
2,17-Jul,C,5,426,3,Outhouse,0,22.959,,LV
2,17-Jul,C,6,427,3,Outhouse,0,24.364,,LV
2,17-Jul,C,7,428,3,Outhouse,0,27.325,,LV
2,17-Jul,C,8,429,3,Outhouse,0,23.626,,LV
2,17-Jul,C,9,430,3,Outhouse,0,25.594,,LV
2,17-Jul,C,10,431,3,Outhouse,0,29.805,,LV
2,17-Jul,C,11,432,3,Outhouse,0,21.272,,LV
2,17-Jul,C,12,433,3,Outhouse,0,27.68,,LV
2,17-Jul,C,13,434,3,Outhouse,0,28.561,,LV
2,17-Jul,C,14,435,3,Outhouse,0,26.996,,LV
2,17-Jul,C,15,436,3,Outhouse,0,25.962,,LV
2,17-Jul,H,1,437,30,Control,0,31.908,,LB
2,17-Jul,H,2,438,30,Control,0,22.142,,LB
2,17-Jul,H,3,439,30,Control,0,26.36,,LB
2,17-Jul,H,4,440,30,Control,0,24.67,,LB
2,17-Jul,H,5,441,30,Control,0,29.929,,LB
2,17-Jul,H,6,442,30,Control,0,30.209,,LB
2,17-Jul,H,7,443,30,Control,0,30.423,,LB
2,17-Jul,H,8,444,30,Control,0,27.68,,LB
2,17-Jul,H,9,445,30,Control,0,28.108,,LB
2,17-Jul,H,10,446,30,Control,0,21.525,,LB
2,17-Jul,H,11,447,30,Control,0,28.069,,LB
2,17-Jul,H,12,448,30,Control,0,30.185,,LB
2,17-Jul,H,13,449,30,Control,0,28.485,,LB
2,17-Jul,H,14,450,30,Control,0,24.601,,LB
2,17-Jul,H,15,451,30,Control,0,31.52,,LB
2,17-Jul,I,1,452,30,Outhouse,0,26.411,,LB
2,17-Jul,I,2,453,30,Outhouse,0,27.749,,LB
2,17-Jul,I,3,454,30,Outhouse,0,24.951,,LB
2,17-Jul,I,4,455,30,Outhouse,0,25.506,,LB
2,17-Jul,I,5,456,30,Outhouse,0,25.095,,LB
2,17-Jul,I,6,457,30,Outhouse,0,30.962,,LB
2,17-Jul,I,7,458,30,Outhouse,0,30.795,,LB
2,17-Jul,I,8,459,30,Outhouse,0,25.538,,LB
2,17-Jul,I,9,460,30,Outhouse,0,25.171,,LB
2,17-Jul,I,10,461,30,Outhouse,0,20.209,,LB
2,17-Jul,I,11,462,30,Outhouse,0,24.67,,LB
2,17-Jul,I,12,463,30,Outhouse,0,29.097,,LB
2,17-Jul,I,13,464,30,Outhouse,0,27.749,,LB
2,17-Jul,I,14,465,30,Outhouse,0,26.349,,LB
2,17-Jul,I,15,466,30,Outhouse,0,30.191,,LB
2,17-Jul,N,1,467,3,Control,0,29.344,,LV
2,17-Jul,N,2,468,3,Control,0,26.574,,LV
2,17-Jul,N,3,469,3,Control,0,24.468,,LV
2,17-Jul,N,4,470,3,Control,0,26.946,,LV
2,17-Jul,N,5,471,3,Control,0,30.619,,LV
2,17-Jul,N,6,472,3,Control,0,25.945,,LV
2,17-Jul,N,7,473,3,Control,0,25.732,,LV
2,17-Jul,N,8,475,3,Control,0,28.737,,LV
2,17-Jul,N,9,476,3,Control,0,28.098,,LV
2,17-Jul,N,10,477,3,Control,0,28.532,,LV
2,17-Jul,N,11,478,3,Control,0,19.559,,LV
2,17-Jul,N,12,479,3,Control,0,26.605,,LV
2,17-Jul,N,13,480,3,Control,0,23.415,,LV
2,17-Jul,N,14,481,3,Control,0,25.934,,LV
2,17-Jul,N,15,482,3,Control,0,25.732,,LV
2,18-Jul,D,1,483,3,Outhouse,0,24.689,,LV
2,18-Jul,D,2,484,3,Outhouse,0,30.182,,LV
2,18-Jul,D,3,485,3,Outhouse,0,25.138,,LV
2,18-Jul,D,4,486,3,Outhouse,0,27.635,,LV
2,18-Jul,D,5,487,3,Outhouse,0,22.971,,LV
2,18-Jul,D,6,488,3,Outhouse,0,23.346,,LV
2,18-Jul,D,7,489,3,Outhouse,0,28.516,,LV
2,18-Jul,D,8,490,3,Outhouse,0,30.61,,LV
2,18-Jul,D,9,491,3,Outhouse,0,21.55,,LV
2,18-Jul,D,10,492,3,Outhouse,0,28.907,,LV
2,18-Jul,D,11,493,3,Outhouse,0,28.684,,LV
2,18-Jul,D,12,494,3,Outhouse,0,23.396,,LV
2,18-Jul,D,13,495,3,Outhouse,0,29.723,,LV
2,18-Jul,D,14,496,3,Outhouse,0,28.772,,LV
2,18-Jul,D,15,497,3,Outhouse,0,25.732,,LV
2,18-Jul,J,1,498,30,Outhouse,0,29.76,,LB
2,18-Jul,J,2,499,30,Outhouse,0,32.288,,LB
2,18-Jul,J,3,500,30,Outhouse,0,28.919,,LB
2,18-Jul,J,4,501,30,Outhouse,0,30.017,,LB
2,18-Jul,J,5,502,30,Outhouse,0,29.757,,LB
2,18-Jul,J,6,513,30,Outhouse,0,27.186,,LB
2,18-Jul,J,7,514,30,Outhouse,0,26.885,,LB
2,18-Jul,J,8,515,30,Outhouse,0,29.601,,LB
2,18-Jul,J,9,516,30,Outhouse,0,27.209,,LB
2,18-Jul,J,10,517,30,Outhouse,0,28.056,,LB
2,18-Jul,J,11,518,30,Outhouse,0,27.289,,LB
2,18-Jul,J,12,519,30,Outhouse,0,31.56,,LB
2,18-Jul,J,13,520,30,Outhouse,0,27.325,,LB
2,18-Jul,J,14,521,30,Outhouse,0,29.638,,LB
2,18-Jul,J,15,522,30,Outhouse,0,30.901,,LB
2,18-Jul,M,1,523,30,Control,0,27.236,,LV
2,18-Jul,M,2,524,30,Control,0,26.359,,LV
2,18-Jul,M,3,525,30,Control,0,23.809,,LV
2,18-Jul,M,4,526,30,Control,0,29.106,,LV
2,18-Jul,M,5,527,30,Control,0,27.219,,LV
2,18-Jul,M,6,528,30,Control,0,26.781,,LV
2,18-Jul,M,7,529,30,Control,0,26.523,,LV
2,18-Jul,M,8,530,30,Control,0,29.359,,LV
2,18-Jul,M,9,531,30,Control,0,25.633,,LV
2,18-Jul,M,10,532,30,Control,0,25.095,,LV
2,18-Jul,M,11,533,30,Control,0,30.289,,LV
2,18-Jul,M,12,534,30,Control,0,23.442,,LV
2,18-Jul,M,13,535,30,Control,0,26.37,,LV
2,18-Jul,M,14,536,30,Control,0,24.29,,LV
2,18-Jul,M,15,537,30,Control,0,30.633,,LV
2,18-Jul,P,1,538,30,Outhouse,0,32.358,,LB
2,18-Jul,P,2,539,30,Outhouse,0,31.264,,LB
2,18-Jul,P,3,540,30,Outhouse,0,29.344,,LB
2,18-Jul,P,4,541,30,Outhouse,0,27.536,,LB
2,18-Jul,P,5,542,30,Outhouse,0,25.987,,LB
2,18-Jul,P,6,543,30,Outhouse,0,33.626,,LB
2,18-Jul,P,7,544,30,Outhouse,0,23.569,,LB
2,18-Jul,P,8,545,30,Outhouse,0,31.64,,LB
2,18-Jul,P,9,546,30,Outhouse,0,31.382,,LB
2,18-Jul,P,10,547,30,Outhouse,0,31.483,,LB
2,18-Jul,P,11,548,30,Outhouse,0,28.561,,LB
2,18-Jul,P,12,549,30,Outhouse,0,30.901,,LB
2,18-Jul,P,13,550,30,Outhouse,0,29.106,,LB
2,18-Jul,P,14,551,30,Outhouse,0,25.138,,LB
2,18-Jul,P,15,552,30,Outhouse,0,29.696,,LB
2,18-Jul,R,1,553,3,Outhouse,0,30.713,,LB
2,18-Jul,R,2,554,3,Outhouse,0,28.137,,LB
2,18-Jul,R,3,555,3,Outhouse,0,28.51,,LB
2,18-Jul,R,4,556,3,Outhouse,0,31.467,,LB
2,18-Jul,R,5,557,3,Outhouse,0,32.164,,LB
2,18-Jul,R,6,558,3,Outhouse,0,29.442,,LB
2,18-Jul,R,7,559,3,Outhouse,0,27.418,,LB
2,18-Jul,R,8,560,3,Outhouse,0,30.848,,LB
2,18-Jul,R,9,561,3,Outhouse,0,32.021,,LB
2,18-Jul,R,10,562,3,Outhouse,0,26.902,,LB
2,18-Jul,R,11,563,3,Outhouse,0,30.131,,LB
2,18-Jul,R,12,564,3,Outhouse,0,29.605,,LB
2,18-Jul,R,13,565,3,Outhouse,0,25.019,,LB
2,18-Jul,R,14,566,3,Outhouse,0,30.845,,LB
2,18-Jul,R,15,567,3,Outhouse,0,29.187,,LB
2,19-Jul,O,1,568,3,Control,0,23.346,,LB
2,19-Jul,O,2,569,3,Control,0,28.069,,LB
2,19-Jul,O,3,570,3,Control,0,31.984,,LB
2,19-Jul,O,4,571,3,Control,0,28.06,,LB
2,19-Jul,O,5,572,3,Control,0,24.659,,LB
2,19-Jul,O,6,573,3,Control,0,28.561,,LB
2,19-Jul,O,7,574,3,Control,0,26.411,,LB
2,19-Jul,O,8,575,3,Control,0,23.942,,LB
2,19-Jul,O,9,576,3,Control,0,24.601,,LB
2,19-Jul,O,10,577,3,Control,0,26.919,,LB
2,19-Jul,O,11,578,3,Control,0,23.691,,LB
2,19-Jul,O,12,579,3,Control,0,29.381,,LB
2,19-Jul,O,13,580,3,Control,0,29.601,,LB
2,19-Jul,O,14,581,3,Control,0,21.684,,LB
2,19-Jul,O,15,582,3,Control,0,31.044,,LB
2,19-Jul,Q,1,583,30,Control,0,30.619,,LB
2,19-Jul,Q,2,584,30,Control,0,23.9,,LB
2,19-Jul,Q,3,585,30,Control,0,29.638,,LB
2,19-Jul,Q,4,586,30,Control,0,29.159,,LB
2,19-Jul,Q,5,587,30,Control,0,26.017,,LB
2,19-Jul,Q,6,588,30,Control,0,23.764,,LB
2,19-Jul,Q,7,589,30,Control,0,29.381,,LB
2,19-Jul,Q,8,590,30,Control,0,22.959,,LB
2,19-Jul,Q,9,591,30,Control,0,21.784,,LB
2,19-Jul,Q,10,592,30,Control,0,22.121,,LB
2,19-Jul,Q,11,593,30,Control,0,23.821,,LB
2,19-Jul,Q,12,594,30,Control,0,25.987,,LB
2,19-Jul,Q,13,595,30,Control,0,24.689,,LB
2,19-Jul,Q,14,596,30,Control,0,27.186,,LB
2,19-Jul,Q,15,597,30,Control,0,23.84,,LB
2,19-Jul,S,1,598,3,Control,0,25.538,,LB
2,19-Jul,S,2,599,3,Control,0,26.098,,LB
2,19-Jul,S,3,600,3,Control,0,27.259,,LB
2,19-Jul,S,4,601,3,Control,0,20.422,,LB
2,19-Jul,S,5,602,3,Control,0,25.019,,LB
2,19-Jul,S,6,603,3,Control,0,26.781,,LB
2,19-Jul,S,7,604,3,Control,0,24.659,,LB
2,19-Jul,S,8,605,3,Control,0,27.84,,LB
2,19-Jul,S,9,606,3,Control,0,25.138,,LB
2,19-Jul,S,10,607,3,Control,0,26.387,,LB
2,19-Jul,S,11,608,3,Control,0,26.996,,LB
2,19-Jul,S,12,609,3,Control,0,22.785,,LB
2,19-Jul,S,13,610,3,Control,0,26.479,,LB
2,19-Jul,S,14,611,3,Control,0,27.684,,LB
2,19-Jul,S,15,612,3,Control,0,32.288,,LB
3,22-Jul,A,1,613,3,Outhouse,0,26.479,,LB
3,22-Jul,A,2,614,3,Outhouse,0,28.737,,LB
3,22-Jul,A,3,615,3,Outhouse,0,25.095,,LB
3,22-Jul,A,4,616,3,Outhouse,0,27.684,,LB
3,22-Jul,A,5,617,3,Outhouse,0,26.349,,LB
3,22-Jul,A,6,618,3,Outhouse,0,28.985,,LB
3,22-Jul,A,7,619,3,Outhouse,0,29.757,,LB
3,22-Jul,A,8,620,3,Outhouse,0,25.931,,LB
3,22-Jul,A,9,621,3,Outhouse,0,25.509,,LB
3,22-Jul,A,10,622,3,Outhouse,0,22.178,,LB
3,22-Jul,A,11,623,3,Outhouse,0,30.619,,LB
3,22-Jul,A,12,624,3,Outhouse,0,23.626,,LB
3,22-Jul,A,13,625,3,Outhouse,0,23.147,,LB
3,22-Jul,A,14,626,3,Outhouse,0,27.713,,LB
3,22-Jul,A,15,627,3,Outhouse,0,30.681,,LB
3,22-Jul,G,1,628,30,Outhouse,0,22.365,,LV
3,22-Jul,G,2,629,30,Outhouse,0,25.019,,LV
3,22-Jul,G,3,630,30,Outhouse,0,28.504,,LV
3,22-Jul,G,4,631,30,Outhouse,0,18.877,,LV
3,22-Jul,G,5,632,30,Outhouse,0,27.631,,LV
3,22-Jul,G,6,633,30,Outhouse,0,27.661,,LV
3,22-Jul,G,7,634,30,Outhouse,0,22.53,,LV
3,22-Jul,G,8,635,30,Outhouse,0,28.516,,LV
3,22-Jul,G,9,636,30,Outhouse,0,23.866,,LV
3,22-Jul,G,10,637,30,Outhouse,0,27.206,,LV
3,22-Jul,G,11,638,30,Outhouse,0,33.65,,LV
3,22-Jul,G,12,639,30,Outhouse,0,28.024,,LV
3,22-Jul,G,13,640,30,Outhouse,0,25.987,,LV
3,22-Jul,G,14,641,30,Outhouse,0,25.679,,LV
3,22-Jul,G,15,642,30,Outhouse,0,26.222,,LV
3,22-Jul,K,1,643,3,Control,0,32.352,,LB
3,22-Jul,K,2,644,3,Control,0,26.835,,LB
3,22-Jul,K,3,645,3,Control,0,27.635,,LB
3,22-Jul,K,4,646,3,Control,0,29.95,,LB
3,22-Jul,K,5,647,3,Control,0,23.866,,LB
3,22-Jul,K,6,648,3,Control,0,26.356,,LB
3,22-Jul,K,7,649,3,Control,0,25.987,,LB
3,22-Jul,K,8,650,3,Control,0,26.056,,LB
3,22-Jul,K,9,651,3,Control,0,29.638,,LB
3,22-Jul,K,10,652,3,Control,0,31.908,,LB
3,22-Jul,K,11,653,3,Control,0,26.795,,LB
3,22-Jul,K,12,654,3,Control,0,26.902,,LB
3,22-Jul,K,13,655,3,Control,0,24.659,,LB
3,22-Jul,K,14,656,3,Control,0,27.206,,LB
3,22-Jul,K,15,657,3,Control,0,25.52,,LB
3,22-Jul,T,1,658,30,Control,0,28.214,,LV
3,22-Jul,T,2,659,30,Control,0,24.264,,LV
3,22-Jul,T,3,660,30,Control,0,29.353,,LV
3,22-Jul,T,4,661,30,Control,0,29.217,,LV
3,22-Jul,T,5,662,30,Control,0,21.717,,LV
3,22-Jul,T,6,663,30,Control,0,26.411,,LV
3,22-Jul,T,7,664,30,Control,0,19.554,,LV
3,22-Jul,T,8,665,30,Control,0,26.902,,LV
3,22-Jul,T,9,666,30,Control,0,29.409,,LV
3,22-Jul,T,10,667,30,Control,0,26.359,,LV
3,22-Jul,T,11,668,30,Control,0,25.509,,LV
3,22-Jul,T,12,669,30,Control,0,24.659,,LV
3,22-Jul,T,13,670,30,Control,0,23.384,,LV
3,22-Jul,T,14,671,30,Control,0,27.186,,LV
3,22-Jul,T,15,672,30,Control,0,26.479,,LV
3,23-Jul,B,1,673,3,Outhouse,1,24.951,,LB
3,23-Jul,B,2,674,3,Outhouse,26,23.991,,LB
3,23-Jul,B,3,675,3,Outhouse,15,26.36,,LB
3,23-Jul,B,4,676,3,Outhouse,0,32.063,,LB
3,23-Jul,B,5,677,3,Outhouse,58,25.138,,LB
3,23-Jul,B,6,678,3,Outhouse,0,27.236,,LB
3,23-Jul,B,7,679,3,Outhouse,27,28.91,,LB
3,23-Jul,B,8,680,3,Outhouse,0,30.901,,LB
3,23-Jul,B,9,681,3,Outhouse,0,27.661,,LB
3,23-Jul,B,10,682,3,Outhouse,0,25.081,,LB
3,23-Jul,B,11,683,3,Outhouse,0,27.895,,LB
3,23-Jul,B,12,684,3,Outhouse,0,31.079,,LB
3,23-Jul,B,13,685,3,Outhouse,0,26.902,,LB
3,23-Jul,B,14,686,3,Outhouse,0,33.065,,LB
3,23-Jul,B,15,687,3,Outhouse,0,25.095,,LB
3,23-Jul,E,1,688,30,Outhouse,0,28.108,,LV
3,23-Jul,E,2,689,30,Outhouse,0,30.681,,LV
3,23-Jul,E,3,690,30,Outhouse,0,29.866,,LV
3,23-Jul,E,4,691,30,Outhouse,0,27.418,,LV
3,23-Jul,E,5,692,30,Outhouse,0,22.53,,LV
3,23-Jul,E,6,693,30,Outhouse,0,32.644,,LV
3,23-Jul,E,7,694,30,Outhouse,0,30.607,,LV
3,23-Jul,E,8,695,30,Outhouse,0,31.035,,LV
3,23-Jul,E,9,696,30,Outhouse,0,26.632,,LV
3,23-Jul,E,10,697,30,Outhouse,0,31.46,,LV
3,23-Jul,E,11,698,30,Outhouse,0,27.368,,LV
3,23-Jul,E,12,699,30,Outhouse,0,23.805,,LV
3,23-Jul,E,13,700,30,Outhouse,0,29.381,,LV
3,23-Jul,E,14,701,30,Outhouse,0,26.018,,LV
3,23-Jul,E,15,702,30,Outhouse,0,28.357,,LV
3,23-Jul,F,1,703,30,Control,0,31.192,,LB
3,23-Jul,F,2,704,30,Control,0,31.46,,LB
3,23-Jul,F,3,705,30,Control,1,28.907,,LB
3,23-Jul,F,4,706,30,Control,3,26.632,,LB
3,23-Jul,F,5,707,30,Control,190,27.661,counted skinnier rod ones that were really fast,LB
3,23-Jul,F,6,708,30,Control,0,31.267,,LB
3,23-Jul,F,7,709,30,Control,0,22.853,,LB
3,23-Jul,F,8,710,30,Control,1,24.29,,LB
3,23-Jul,F,9,711,30,Control,2,28.262,,LB
3,23-Jul,F,10,712,30,Control,0,29.702,,LB
3,23-Jul,F,11,713,30,Control,10,31.322,counted skinnier rod ones that were really fast,LB
3,23-Jul,F,12,714,30,Control,0,32.408,,LB
3,23-Jul,F,13,715,30,Control,0,27.209,,LB
3,23-Jul,F,14,716,30,Control,0,32.319,,LB
3,23-Jul,F,15,717,30,Control,0,25.178,,LB
3,23-Jul,L,1,718,3,Control,18,24.747,,LV
3,23-Jul,L,2,719,3,Control,0,26.011,,LV
3,23-Jul,L,3,720,3,Control,0,17.052,,LV
3,23-Jul,L,4,721,3,Control,0,28.085,,LV
3,23-Jul,L,5,722,3,Control,0,24.63,,LV
3,23-Jul,L,6,723,3,Control,0,27.895,,LV
3,23-Jul,L,7,724,3,Control,0,30.751,,LV
3,23-Jul,L,8,725,3,Control,0,21.55,,LV
3,23-Jul,L,9,726,3,Control,0,24.364,,LV
3,23-Jul,L,10,727,3,Control,0,27.116,,LV
3,23-Jul,L,11,728,3,Control,0,26.101,,LV
3,23-Jul,L,12,729,3,Control,0,26.192,,LV
3,23-Jul,L,13,730,3,Control,0,24.67,,LV
3,23-Jul,L,14,731,3,Control,0,25.21,,LV
3,23-Jul,L,15,732,3,Control,0,30.633,,LV
3,24-Jul,C,1,733,3,Outhouse,0,24.413,,LB
3,24-Jul,C,2,734,3,Outhouse,0,30.61,,LB
3,24-Jul,C,3,735,3,Outhouse,0,27.418,,LB
3,24-Jul,C,4,736,3,Outhouse,0,26.768,,LB
3,24-Jul,C,5,737,3,Outhouse,0,27.68,,LB
3,24-Jul,C,6,738,3,Outhouse,0,25.879,,LB
3,24-Jul,C,7,739,3,Outhouse,0,31.264,,LB
3,24-Jul,C,8,740,3,Outhouse,0,29.757,,LB
3,24-Jul,C,9,741,3,Outhouse,0,24.747,,LB
3,24-Jul,C,10,742,3,Outhouse,0,27.956,,LB
3,24-Jul,C,11,743,3,Outhouse,0,25.267,,LB
3,24-Jul,C,12,744,3,Outhouse,0,31.105,,LB
3,24-Jul,C,13,745,3,Outhouse,0,29.344,,LB
3,24-Jul,C,14,746,3,Outhouse,0,26.811,,LB
3,24-Jul,C,15,747,3,Outhouse,0,28.494,,LB
3,24-Jul,H,1,748,30,Control,43,31.46,,LB
3,24-Jul,H,2,749,30,Control,14,24.787,,LB
3,24-Jul,H,3,750,30,Control,33,28.494,,LB
3,24-Jul,H,4,751,30,Control,1,29.491,,LB
3,24-Jul,H,5,752,30,Control,28,23.805,,LB
3,24-Jul,H,6,753,30,Control,50,23.809,,LB
3,24-Jul,H,7,754,30,Control,87,26.387,,LB
3,24-Jul,H,8,755,30,Control,3,25.095,,LB
3,24-Jul,H,9,756,30,Control,28,30.191,,LB
3,24-Jul,H,10,757,30,Control,95,23.053,,LB
3,24-Jul,H,11,758,30,Control,47,28.51,,LB
3,24-Jul,H,12,759,30,Control,4,22.63,,LB
3,24-Jul,H,13,760,30,Control,0,27.661,,LB
3,24-Jul,H,14,761,30,Control,31,26.865,,LB
3,24-Jul,H,15,762,30,Control,3,23.626,,LB
3,24-Jul,I,1,763,30,Outhouse,0,28.098,,LB
3,24-Jul,I,2,764,30,Outhouse,0,31.726,,LB
3,24-Jul,I,3,765,30,Outhouse,0,27.84,,LB
3,24-Jul,I,4,766,30,Outhouse,0,25.633,,LB
3,24-Jul,I,5,767,30,Outhouse,0,20.834,,LB
3,24-Jul,I,6,768,30,Outhouse,0,25.081,,LB
3,24-Jul,I,7,769,30,Outhouse,0,20.106,,LB
3,24-Jul,I,8,770,30,Outhouse,0,28.51,,LB
3,24-Jul,I,9,771,30,Outhouse,0,19.848,,LB
3,24-Jul,I,10,772,30,Outhouse,0,29.791,,LB
3,24-Jul,I,11,773,30,Outhouse,0,33.615,,LB
3,24-Jul,I,12,774,30,Outhouse,0,29.282,,LB
3,24-Jul,I,13,775,30,Outhouse,0,25.791,,LB
3,24-Jul,I,14,776,30,Outhouse,0,27.329,,LB
3,24-Jul,I,15,777,30,Outhouse,0,26.902,,LB
3,24-Jul,N,1,778,3,Control,0,31.079,,LB
3,24-Jul,N,2,779,3,Control,0,23.809,,LB
3,24-Jul,N,3,780,3,Control,0,30.61,,LB
3,24-Jul,N,4,781,3,Control,0,28.357,,LB
3,24-Jul,N,5,782,3,Control,0,23.053,,LB
3,24-Jul,N,6,783,3,Control,0,26.946,,LB
3,24-Jul,N,7,784,3,Control,0,30.633,,LB
3,24-Jul,N,8,785,3,Control,0,28.085,,LB
3,24-Jul,N,9,786,3,Control,0,26.018,,LB
3,24-Jul,N,10,787,3,Control,0,23.096,,LB
3,24-Jul,N,11,788,3,Control,0,24.951,,LB
3,24-Jul,N,12,789,3,Control,0,28.06,,LB
3,24-Jul,N,13,790,3,Control,0,28.069,,LB
3,24-Jul,N,14,791,3,Control,0,22.971,,LB
3,24-Jul,N,15,792,3,Control,0,23.691,,LB
3,25-Jul,D,1,793,3,Outhouse,4,23.272,,LV
3,25-Jul,D,2,794,3,Outhouse,0,29.528,,LV
3,25-Jul,D,3,795,3,Outhouse,0,19.72,,LV
3,25-Jul,D,4,796,3,Outhouse,0,30.209,,LV
3,25-Jul,D,5,797,3,Outhouse,0,25.945,,LV
3,25-Jul,D,6,798,3,Outhouse,0,25.171,,LV
3,25-Jul,D,7,799,3,Outhouse,0,28.595,,LV
3,25-Jul,D,8,800,3,Outhouse,0,30.059,,LV
3,25-Jul,D,9,801,3,Outhouse,0,27.325,,LV
3,25-Jul,D,10,802,3,Outhouse,0,20.563,,LV
3,25-Jul,D,11,803,3,Outhouse,0,23.053,,LV
3,25-Jul,D,12,804,3,Outhouse,0,20.422,,LV
3,25-Jul,D,13,805,3,Outhouse,0,26.946,,LV
3,25-Jul,D,14,806,3,Outhouse,0,25.682,,LV
3,25-Jul,D,15,807,3,Outhouse,0,28.085,,LV
3,25-Jul,J,1,808,30,Outhouse,0,19.67,,LV
3,25-Jul,J,2,809,30,Outhouse,0,31.354,,LV
3,25-Jul,J,3,810,30,Outhouse,0,21.272,,LV
3,25-Jul,J,4,811,30,Outhouse,0,32.586,,LV
3,25-Jul,J,5,812,30,Outhouse,0,23.942,,LV
3,25-Jul,J,6,813,30,Outhouse,0,28.772,,LV
3,25-Jul,J,7,816,30,Outhouse,0,28.108,,LV
3,25-Jul,J,8,817,30,Outhouse,0,26.387,,LV
3,25-Jul,J,9,818,30,Outhouse,0,26.697,,LV
3,25-Jul,J,10,819,30,Outhouse,0,21.272,,LV
3,25-Jul,J,11,820,30,Outhouse,200,23.442,,LV
3,25-Jul,J,12,821,30,Outhouse,0,27.325,,LV
3,25-Jul,J,13,822,30,Outhouse,0,27.259,,LV
3,25-Jul,J,14,823,30,Outhouse,0,26.442,,LV
3,25-Jul,J,15,824,30,Outhouse,0,25.594,,LV
3,25-Jul,M,1,825,30,Control,0,28.935,,LB
3,25-Jul,M,2,826,30,Control,0,22.959,,LB
3,25-Jul,M,3,827,30,Control,0,30.257,,LB
3,25-Jul,M,4,828,30,Control,0,28.069,,LB
3,25-Jul,M,5,829,30,Control,0,31.102,,LB
3,25-Jul,M,6,830,30,Control,2,27.345,,LB
3,25-Jul,M,7,831,30,Control,0,27.209,,LB
3,25-Jul,M,8,832,30,Control,0,23.519,,LB
3,25-Jul,M,9,833,30,Control,0,19.798,,LB
3,25-Jul,M,10,834,30,Control,0,26.768,,LB
3,25-Jul,M,11,835,30,Control,41,21.293,,LB
3,25-Jul,M,12,836,30,Control,0,25.945,,LB
3,25-Jul,M,13,837,30,Control,0,29.528,,LB
3,25-Jul,M,14,838,30,Control,0,33.128,,LB
3,25-Jul,M,15,839,30,Control,0,33.255,,LB
3,25-Jul,P,1,840,30,Outhouse,0,28.494,,LB
3,25-Jul,P,2,841,30,Outhouse,0,25.52,,LB
3,25-Jul,P,3,842,30,Outhouse,0,32.015,,LB
3,25-Jul,P,4,843,30,Outhouse,0,31.68,,LB
3,25-Jul,P,5,844,30,Outhouse,0,25.633,,LB
3,25-Jul,P,6,845,30,Outhouse,0,29.013,,LB
3,25-Jul,P,7,846,30,Outhouse,0,30.059,,LB
3,25-Jul,P,8,847,30,Outhouse,0,26.212,,LB
3,25-Jul,P,9,848,30,Outhouse,0,29.187,,LB
3,25-Jul,P,10,849,30,Outhouse,0,29.442,,LB
3,25-Jul,P,11,850,30,Outhouse,0,30.191,,LB
3,25-Jul,P,12,851,30,Outhouse,0,27.713,,LB
3,25-Jul,P,13,852,30,Outhouse,0,32.332,,LB
3,25-Jul,P,14,853,30,Outhouse,0,28.935,,LB
3,25-Jul,P,15,854,30,Outhouse,0,21.945,,LB
3,25-Jul,R,1,855,3,Outhouse,0,34.642,,LB
3,25-Jul,R,2,856,3,Outhouse,0,28.595,,LB
3,25-Jul,R,3,857,3,Outhouse,0,29.772,,LB
3,25-Jul,R,4,858,3,Outhouse,0,31.743,,LB
3,25-Jul,R,5,859,3,Outhouse,0,27.849,,LB
3,25-Jul,R,6,860,3,Outhouse,0,31.382,,LB
3,25-Jul,R,7,861,3,Outhouse,0,24.26,,LB
3,25-Jul,R,8,862,3,Outhouse,0,24.364,,LB
3,25-Jul,R,9,863,3,Outhouse,0,30.61,,LB
3,25-Jul,R,10,864,3,Outhouse,0,28.532,,LB
3,25-Jul,R,11,865,3,Outhouse,0,29.442,,LB
3,25-Jul,R,12,866,3,Outhouse,0,28.085,,LB
3,25-Jul,R,13,867,3,Outhouse,0,27.116,,LB
3,25-Jul,R,14,868,3,Outhouse,0,33.548,,LB
3,25-Jul,R,15,869,3,Outhouse,0,27.345,,LB
3,26-Jul,O,1,870,3,Control,0,28.561,,LB
3,26-Jul,O,2,871,3,Control,0,27.661,,LB
3,26-Jul,O,3,872,3,Control,0,29.784,,LB
3,26-Jul,O,4,873,3,Control,0,26.768,,LB
3,26-Jul,O,5,874,3,Control,0,29.335,,LB
3,26-Jul,O,6,875,3,Control,0,28.377,,LB
3,26-Jul,O,7,876,3,Control,0,28.481,,LB
3,26-Jul,O,8,877,3,Control,0,28.06,,LB
3,26-Jul,O,9,878,3,Control,0,26.056,,LB
3,26-Jul,O,10,879,3,Control,0,25.962,,LB
3,26-Jul,O,11,880,3,Control,0,22.105,,LB
3,26-Jul,O,12,881,3,Control,0,18.709,,LB
3,26-Jul,O,13,882,3,Control,0,20.515,,LB
3,26-Jul,O,14,883,3,Control,0,21.525,,LB
3,26-Jul,O,15,884,3,Control,0,22.971,,LB
3,26-Jul,Q,1,885,30,Control,0,28.91,,LB
3,26-Jul,Q,2,886,30,Control,41,27.368,,LB
3,26-Jul,Q,3,887,30,Control,0,31.079,,LB
3,26-Jul,Q,4,888,30,Control,6,24.659,,LB
3,26-Jul,Q,5,889,30,Control,1,28.137,,LB
3,26-Jul,Q,6,890,30,Control,0,26.37,,LB
3,26-Jul,Q,7,891,30,Control,0,26.948,,LB
3,26-Jul,Q,8,892,30,Control,0,19.78,,LB
3,26-Jul,Q,9,893,30,Control,0,31.939,,LB
3,26-Jul,Q,10,894,30,Control,4,25.791,,LB
3,26-Jul,Q,11,895,30,Control,12,21.407,,LB
3,26-Jul,Q,12,896,30,Control,8,28.532,,LB
3,26-Jul,Q,13,897,30,Control,0,29.106,,LB
3,26-Jul,Q,14,898,30,Control,17,27.661,,LB
3,26-Jul,Q,15,899,30,Control,0,26.479,,LB
3,26-Jul,S,1,900,3,Control,0,26.697,,LB
3,26-Jul,S,2,901,3,Control,0,20.422,,LB
3,26-Jul,S,3,902,3,Control,0,31.137,,LB
3,26-Jul,S,4,903,3,Control,0,27.661,,LB
3,26-Jul,S,5,904,3,Control,0,30.11,,LB
3,26-Jul,S,6,905,3,Control,0,23.384,,LB
3,26-Jul,S,7,906,3,Control,0,18.1,,LB
3,26-Jul,S,8,907,3,Control,0,25.945,,LB
3,26-Jul,S,9,908,3,Control,0,26.37,,LB
3,26-Jul,S,10,909,3,Control,0,29.381,,LB
3,26-Jul,S,11,910,3,Control,0,26.359,,LB
3,26-Jul,S,12,911,3,Control,0,28.595,,LB
3,26-Jul,S,13,912,3,Control,0,28.137,,LB
3,26-Jul,S,14,913,3,Control,0,21.676,,LB
3,26-Jul,S,15,914,3,Control,0,25.113,,LB
4,29-Jul,E,1,915,30,Outhouse,0,29.76,,LB
4,29-Jul,E,2,916,30,Outhouse,0,30.23,,LB
4,29-Jul,E,3,917,30,Outhouse,0,27.791,,LB
4,29-Jul,E,4,918,30,Outhouse,0,30.257,,LB
4,29-Jul,E,5,919,30,Outhouse,0,30.542,,LB
4,29-Jul,E,6,920,30,Outhouse,0,30.633,,LB
4,29-Jul,E,7,921,30,Outhouse,0,28.137,,LB
4,29-Jul,E,8,922,30,Outhouse,0,29.702,,LB
4,29-Jul,E,9,923,30,Outhouse,0,29.482,,LB
4,29-Jul,E,10,924,30,Outhouse,0,27.209,,LB
4,29-Jul,E,11,925,30,Outhouse,0,23.691,,LB
4,29-Jul,E,12,926,30,Outhouse,0,29.344,,LB
4,29-Jul,E,13,927,30,Outhouse,0,29.282,,LB
4,29-Jul,E,14,928,30,Outhouse,0,28.863,,LB
4,29-Jul,E,15,929,30,Outhouse,0,25.21,,LB
4,29-Jul,H,1,930,30,Control,3,26.865,,LB
4,29-Jul,H,2,931,30,Control,92,23.415,,LB
4,29-Jul,H,3,932,30,Control,16,23.84,,LB
4,29-Jul,H,4,933,30,Control,0,28.516,,LB
4,29-Jul,H,5,934,30,Control,0,29.187,,LB
4,29-Jul,H,6,935,30,Control,39,20.092,,LB
4,29-Jul,H,7,936,30,Control,66,26.36,skinny long ones,LB
4,29-Jul,H,8,937,30,Control,18,25.858,,LB
4,29-Jul,H,9,938,30,Control,30,20.475,,LB
4,29-Jul,H,10,939,30,Control,1,26.101,,LB
4,29-Jul,H,11,940,30,Control,0,23.9,,LB
4,29-Jul,H,12,941,30,Control,0,26.359,,LB
4,29-Jul,H,13,942,30,Control,89,29.833,,LB
4,29-Jul,H,14,943,30,Control,0,30.257,,LB
4,29-Jul,H,15,944,30,Control,73,30.194,,LB
4,29-Jul,K,1,945,3,Control,0,24.645,,LB
4,29-Jul,K,2,946,3,Control,0,30.257,,LB
4,29-Jul,K,3,947,3,Control,0,29.76,,LB
4,29-Jul,K,4,948,3,Control,0,24.787,,LB
4,29-Jul,K,5,949,3,Control,0,27.791,,LB
4,29-Jul,K,6,950,3,Control,5,29.381,,LB
4,29-Jul,K,7,951,3,Control,0,23.9,,LB
4,29-Jul,K,8,952,3,Control,0,30.194,,LB
4,29-Jul,K,9,953,3,Control,0,27.684,,LB
4,29-Jul,K,10,954,3,Control,0,30.122,,LB
4,29-Jul,K,11,955,3,Control,0,23.84,,LB
4,29-Jul,K,12,956,3,Control,0,27.68,,LB
4,29-Jul,K,13,957,3,Control,0,22.63,,LB
4,29-Jul,K,14,958,3,Control,0,26.902,,LB
4,29-Jul,K,15,959,3,Control,5,27.02,,LB
4,30-Jul,F,1,960,30,Control,5,31.469,,LB
4,30-Jul,F,2,961,30,Control,48,25.081,,LB
4,30-Jul,F,3,962,30,Control,0,23.38,,LB
4,30-Jul,F,4,963,30,Control,0,27.536,,LB
4,30-Jul,F,5,964,30,Control,47,27.943,,LB
4,30-Jul,F,6,965,30,Control,121,29.442,,LB
4,30-Jul,F,7,966,30,Control,51,23.515,,LB
4,30-Jul,F,8,967,30,Control,69,22.785,long skinny,LB
4,30-Jul,F,9,968,30,Control,14,31.137,,LB
4,30-Jul,F,10,969,30,Control,31,25.791,,LB
4,30-Jul,F,11,970,30,Control,42,25.962,,LB
4,30-Jul,F,12,971,30,Control,114,31.598,,LB
4,30-Jul,F,13,972,30,Control,30,22.63,,LB
4,30-Jul,F,14,973,30,Control,11,28.443,,LB
4,30-Jul,F,15,974,30,Control,45,29.601,,LB
4,30-Jul,L,1,975,3,Control,0,26.784,,LB
4,30-Jul,L,2,976,3,Control,0,28.516,,LB
4,30-Jul,L,3,977,3,Control,0,27.219,,LB
4,30-Jul,L,4,978,3,Control,0,26.795,,LB
4,30-Jul,L,5,979,3,Control,0,30.633,,LB
4,30-Jul,L,6,980,3,Control,0,24.689,,LB
4,30-Jul,L,7,981,3,Control,0,25.084,,LB
4,30-Jul,L,8,982,3,Control,0,23.287,,LB
4,30-Jul,L,9,983,3,Control,0,34.272,,LB
4,30-Jul,L,10,984,3,Control,3,25.633,,LB
4,30-Jul,L,11,985,3,Control,0,26.523,,LB
4,30-Jul,L,12,986,3,Control,0,26.056,,LB
4,30-Jul,L,13,987,3,Control,0,29.059,,LB
4,30-Jul,L,14,988,3,Control,0,25.633,,LB
4,30-Jul,L,15,989,3,Control,0,26.428,,LB
4,30-Jul,N,1,990,3,Control,0,30.684,,LB
4,30-Jul,N,2,991,3,Control,0,30.182,,LB
4,30-Jul,N,3,992,3,Control,0,26.153,,LB
4,30-Jul,N,4,993,3,Control,0,23.626,,LB
4,30-Jul,N,5,994,3,Control,0,19.092,,LB
4,30-Jul,N,6,995,3,Control,0,23.346,,LB
4,30-Jul,N,7,996,3,Control,0,29.282,,LB
4,30-Jul,N,8,997,3,Control,0,26.483,,LB
4,30-Jul,N,9,998,3,Control,0,19.504,,LB
4,30-Jul,N,10,999,3,Control,0,25.931,,LB
4,30-Jul,N,11,1000,3,Control,0,24.951,,LB
4,30-Jul,N,12,1001,3,Control,0,26.442,,LB
4,30-Jul,N,13,1002,3,Control,0,22.304,,LB
4,30-Jul,N,14,1003,3,Control,0,31.105,,LB
4,30-Jul,N,15,1004,3,Control,0,25.934,,LB
4,30-Jul,T,1,1005,30,Control,0,26.697,,LB
4,30-Jul,T,2,1006,30,Control,0,28.262,,LB
4,30-Jul,T,3,1007,30,Control,0,29.513,,LB
4,30-Jul,T,4,1008,30,Control,0,26.411,,LB
4,30-Jul,T,5,1009,30,Control,0,26.359,,LB
4,30-Jul,T,6,1010,30,Control,0,28.172,,LB
4,30-Jul,T,7,1011,30,Control,0,28.797,,LB
4,30-Jul,T,8,1012,30,Control,0,22.51,,LB
4,30-Jul,T,9,1013,30,Control,0,21.945,,LB
4,30-Jul,T,10,1014,30,Control,0,25.438,,LB
4,30-Jul,T,11,1015,30,Control,0,27.943,,LB
4,30-Jul,T,12,1016,30,Control,0,28.024,,LB
4,30-Jul,T,13,1017,30,Control,0,31.029,,LB
4,30-Jul,T,14,1018,30,Control,0,27.749,,LB
4,30-Jul,T,15,1019,30,Control,0,29.409,,LB
4,31-Jul,B,1,1020,3,Outhouse,11,31.984,,LV
4,31-Jul,B,2,1021,3,Outhouse,0,30.542,,LV
4,31-Jul,B,3,1022,3,Outhouse,0,27.053,,LV
4,31-Jul,B,4,1023,3,Outhouse,6,30.257,,LV
4,31-Jul,B,5,1024,3,Outhouse,0,25.081,,LV
4,31-Jul,B,6,1025,3,Outhouse,0,32.777,,LV
4,31-Jul,B,7,1026,3,Outhouse,13,22.594,,LV
4,31-Jul,B,8,1027,3,Outhouse,21,24.182,,LV
4,31-Jul,B,9,1028,3,Outhouse,0,28.069,,LV
4,31-Jul,B,10,1029,3,Outhouse,67,29.772,,LV
4,31-Jul,B,11,1030,3,Outhouse,4,25.34,,LV
4,31-Jul,B,12,1031,3,Outhouse,0,31.147,,LV
4,31-Jul,B,13,1032,3,Outhouse,24,24.888,,LV
4,31-Jul,B,14,1033,3,Outhouse,0,26.367,,LV
4,31-Jul,B,15,1034,3,Outhouse,0,26.518,,LV
4,31-Jul,A,1,1035,3,Outhouse,0,29.536,,LB
4,31-Jul,A,2,1036,3,Outhouse,0,25.378,,LB
4,31-Jul,A,3,1037,3,Outhouse,0,26.216,,LB
4,31-Jul,A,4,1038,3,Outhouse,0,22.665,,LB
4,31-Jul,A,5,1039,3,Outhouse,0,30.306,,LB
4,31-Jul,A,6,1040,3,Outhouse,0,26.528,,LB
4,31-Jul,A,7,1041,3,Outhouse,0,29.189,,LB
4,31-Jul,A,8,1042,3,Outhouse,0,27.36,,LB
4,31-Jul,A,9,1043,3,Outhouse,0,25.186,,LB
4,31-Jul,A,10,1044,3,Outhouse,0,26.949,,LB
4,31-Jul,A,11,1045,3,Outhouse,0,29.653,,LB
4,31-Jul,A,12,1046,3,Outhouse,0,26.016,,LB
4,31-Jul,A,13,1047,3,Outhouse,0,23.182,,LB
4,31-Jul,A,14,1048,3,Outhouse,0,29.15,,LB
4,31-Jul,A,15,1049,3,Outhouse,0,25.759,,LB
4,31-Jul,C,1,1050,3,Outhouse,0,26.26,,LV
4,31-Jul,C,2,1051,3,Outhouse,0,28.211,,LV
4,31-Jul,C,3,1052,3,Outhouse,0,25.308,,LV
4,31-Jul,C,4,1053,3,Outhouse,0,26.916,,LV
4,31-Jul,C,5,1054,3,Outhouse,0,24.831,,LV
4,31-Jul,C,6,1055,3,Outhouse,0,26.949,,LV
4,31-Jul,C,7,1056,3,Outhouse,0,25.797,,LV
4,31-Jul,C,8,1057,3,Outhouse,0,25.424,,LV
4,31-Jul,C,9,1058,3,Outhouse,0,28.399,,LV
4,31-Jul,C,10,1059,3,Outhouse,0,26.847,,LV
4,31-Jul,C,11,1060,3,Outhouse,0,27.806,,LV
4,31-Jul,C,12,1061,3,Outhouse,0,26.094,,LV
4,31-Jul,C,13,1062,3,Outhouse,0,29.286,,LV
4,31-Jul,C,14,1063,3,Outhouse,0,27.096,,LV
4,31-Jul,C,15,1064,3,Outhouse,0,27.057,,LV
4,31-Jul,D,1,1065,3,Outhouse,0,28.201,,LB
4,31-Jul,D,2,1066,3,Outhouse,0,29.653,,LB
4,31-Jul,D,3,1067,3,Outhouse,0,29.488,,LB
4,31-Jul,D,4,1068,3,Outhouse,0,28.161,,LB
4,31-Jul,D,5,1069,3,Outhouse,0,29.831,,LB
4,31-Jul,D,6,1070,3,Outhouse,0,24.835,,LB
4,31-Jul,D,7,1071,3,Outhouse,0,26.578,,LB
4,31-Jul,D,8,1072,3,Outhouse,0,24.411,,LB
4,31-Jul,D,9,1073,3,Outhouse,0,26.097,,LB
4,31-Jul,D,10,1074,3,Outhouse,0,23.243,,LB
4,31-Jul,D,11,1075,3,Outhouse,0,29.286,,LB
4,31-Jul,D,12,1076,3,Outhouse,0,29.908,,LB
4,31-Jul,D,13,1077,3,Outhouse,0,29.632,,LB
4,31-Jul,D,14,1078,3,Outhouse,0,23.584,,LB
4,31-Jul,D,15,1079,3,Outhouse,0,24.425,,LB
4,31-Jul,G,1,1080,30,Outhouse,0,27.437,,LB
4,31-Jul,G,2,1081,30,Outhouse,0,28.249,,LB
4,31-Jul,G,3,1082,30,Outhouse,0,25.842,,LB
4,31-Jul,G,4,1083,30,Outhouse,0,25.704,,LB
4,31-Jul,G,5,1084,30,Outhouse,0,28.991,,LB
4,31-Jul,G,6,1085,30,Outhouse,0,24.831,,LB
4,31-Jul,G,7,1086,30,Outhouse,0,27.857,,LB
4,31-Jul,G,8,1087,30,Outhouse,0,24.92,,LB
4,31-Jul,G,9,1088,30,Outhouse,0,29.569,,LB
4,31-Jul,G,10,1089,30,Outhouse,0,28.486,,LB
4,31-Jul,G,11,1090,30,Outhouse,0,24.122,,LB
4,31-Jul,G,12,1091,30,Outhouse,0,26.094,,LB
4,31-Jul,G,13,1092,30,Outhouse,0,28.211,,LB
4,31-Jul,G,14,1093,30,Outhouse,0,25.752,,LB
4,31-Jul,G,15,1094,30,Outhouse,0,23.163,,LB
4,1-Aug,I,1,1095,30,Outhouse,0,24.082,,LB
4,1-Aug,I,2,1096,30,Outhouse,0,27.563,,LB
4,1-Aug,I,3,1097,30,Outhouse,0,25.378,,LB
4,1-Aug,I,4,1098,30,Outhouse,0,24.082,,LB
4,1-Aug,I,5,1099,30,Outhouse,0,29.052,,LB
4,1-Aug,I,6,1100,30,Outhouse,0,28.452,,LB
4,1-Aug,I,7,1101,30,Outhouse,0,29.76,,LB
4,1-Aug,I,8,1102,30,Outhouse,0,29.025,,LB
4,1-Aug,I,9,1103,30,Outhouse,0,30.349,,LB
4,1-Aug,I,10,1104,30,Outhouse,0,29.894,,LB
4,1-Aug,I,11,1105,30,Outhouse,0,23.243,,LB
4,1-Aug,I,12,1106,30,Outhouse,0,29.401,,LB
4,1-Aug,I,13,1107,30,Outhouse,0,23.569,,LB
4,1-Aug,I,14,1108,30,Outhouse,0,25.601,,LB
4,1-Aug,I,15,1109,30,Outhouse,0,29.089,,LB
4,1-Aug,J,1,1110,30,Outhouse,0,31.666,,LB
4,1-Aug,J,2,1111,30,Outhouse,0,27.618,,LB
4,1-Aug,J,3,1112,30,Outhouse,0,30.908,,LB
4,1-Aug,J,4,1113,30,Outhouse,0,22.31,,LB
4,1-Aug,J,5,1114,30,Outhouse,0,28.277,,LB
4,1-Aug,J,6,1115,30,Outhouse,0,30.864,,LB
4,1-Aug,J,7,1116,30,Outhouse,0,27.096,,LB
4,1-Aug,J,8,1117,30,Outhouse,0,30.027,,LB
4,1-Aug,J,9,1118,30,Outhouse,0,29.473,,LB
4,1-Aug,J,10,1119,30,Outhouse,0,28.249,,LB
4,1-Aug,J,11,1120,30,Outhouse,0,26.31,,LB
4,1-Aug,J,12,1121,30,Outhouse,0,26.751,,LB
4,1-Aug,J,13,1122,30,Outhouse,0,24.443,,LB
4,1-Aug,J,14,1123,30,Outhouse,0,25.284,,LB
4,1-Aug,J,15,1124,30,Outhouse,0,27.437,,LB
4,1-Aug,O,1,1125,3,Control,0,30.13,,LV
4,1-Aug,O,2,1126,3,Control,0,25.284,,LV
4,1-Aug,O,3,1127,3,Control,0,25.759,,LV
4,1-Aug,O,4,1128,3,Control,0,25.308,,LV
4,1-Aug,O,5,1129,3,Control,0,26.847,,LV
4,1-Aug,O,6,1130,3,Control,0,22.46,,LV
4,1-Aug,O,7,1131,3,Control,0,25.752,,LV
4,1-Aug,O,8,1132,3,Control,0,29.235,,LV
4,1-Aug,O,9,1133,3,Control,0,23.041,,LV
4,1-Aug,O,10,1134,3,Control,0,27.746,,LV
4,1-Aug,O,11,1135,3,Control,0,20.824,,LV
4,1-Aug,O,12,1136,3,Control,0,26.992,,LV
4,1-Aug,O,13,1137,3,Control,0,25.308,,LV
4,1-Aug,O,14,1138,3,Control,0,30.408,,LV
4,1-Aug,O,15,1139,3,Control,0,29.235,,LV
4,1-Aug,S,1,1140,3,Control,0,27.473,,LV
4,1-Aug,S,2,1141,3,Control,0,22.5,,LV
4,1-Aug,S,3,1142,3,Control,0,29.307,,LV
4,1-Aug,S,4,1143,3,Control,0,25.006,,LV
4,1-Aug,S,5,1144,3,Control,0,27.933,,LV
4,1-Aug,S,6,1145,3,Control,0,30.329,,LV
4,1-Aug,S,7,1146,3,Control,0,30.044,,LV
4,1-Aug,S,8,1147,3,Control,0,25.006,,LV
4,1-Aug,S,9,1148,3,Control,0,27.933,,LV
4,1-Aug,S,10,1149,3,Control,0,27.765,,LV
4,1-Aug,S,11,1150,3,Control,0,27.746,,LV
4,23.993,S,12,1151,3,Control,0,29.76,,LV
4,1-Aug,S,13,1152,3,Control,0,26.847,,LV
4,21-Jan,S,14,1153,3,Control,0,24.501,,LV
4,23-Jan,S,15,1154,3,Control,0,29.286,,LV
4,27-Jan,Q,1,1155,30,Control,38,26.568,"bees wet, oily, many missing pile",LB
4,28-Jan,Q,2,1156,30,Control,0,31.666,,LB
4,25-Jan,Q,3,1157,30,Control,0,29.885,,LB
4,2-Aug,Q,4,1158,30,Control,0,27.806,,LB
4,2-Aug,Q,5,1159,30,Control,24,24.414,,LB
4,2-Aug,Q,6,1160,30,Control,50,26.148,,LB
4,2-Aug,Q,7,1161,30,Control,18,24.927,,LB
4,2-Aug,Q,8,1162,30,Control,19,20.219,,LB
4,2-Aug,Q,9,1163,30,Control,19,25.797,,LB
4,2-Aug,Q,10,1164,30,Control,63,25.535,,LB
4,2-Aug,Q,11,1165,30,Control,44,27.746,,LB
4,2-Aug,Q,12,1166,30,Control,144,26.992,,LB
4,2-Aug,Q,13,1167,30,Control,0,21.889,,LB
4,2-Aug,Q,14,1168,30,Control,61,27.201,,LB
4,2-Aug,Q,15,1169,30,Control,1,26.545,,LB
4,2-Aug,R,1,1170,3,Outhouse,0,30.044,"bees wet, oily, many missing pile",LB
4,2-Aug,R,2,1171,3,Outhouse,0,26.949,,LB
4,2-Aug,R,3,1172,3,Outhouse,0,26.179,,LB
4,2-Aug,R,4,1173,3,Outhouse,0,28.991,,LB
4,2-Aug,R,5,1174,3,Outhouse,0,27.806,,LB
4,2-Aug,R,6,1175,3,Outhouse,0,22.31,,LB
4,2-Aug,R,7,1176,3,Outhouse,0,28.311,,LB
4,2-Aug,R,8,1177,3,Outhouse,0,26.216,,LB
4,2-Aug,R,9,1178,3,Outhouse,0,28.696,,LB
4,2-Aug,R,10,1179,3,Outhouse,0,28.233,,LB
4,2-Aug,R,11,1180,3,Outhouse,0,31.215,,LB
4,2-Aug,R,12,1181,3,Outhouse,0,35.295,,LB
4,2-Aug,R,13,1182,3,Outhouse,0,28.035,,LB
4,2-Aug,R,14,1183,3,Outhouse,0,21.53,,LB
4,2-Aug,R,15,1184,3,Outhouse,0,21.67,,LB
4,2-Aug,M,1,1185,30,Control,0,24.019,,LB
4,2-Aug,M,2,1186,30,Control,0,21.853,,LB
4,2-Aug,M,3,1187,30,Control,0,29.988,,LB
4,2-Aug,M,4,1188,30,Control,0,24.023,,LB
4,2-Aug,M,5,1189,30,Control,73,24.411,,LB
4,2-Aug,M,6,1190,30,Control,0,28.576,,LB
4,2-Aug,M,7,1191,30,Control,23,21.311,,LB
4,2-Aug,M,8,1192,30,Control,0,30.212,,LB
4,2-Aug,M,9,1193,30,Control,0,28.647,,LB
4,2-Aug,M,10,1194,30,Control,0,27.408,,LB
4,2-Aug,M,11,1195,30,Control,0,31.283,,LB
4,2-Aug,M,12,1196,30,Control,0,27.054,,LB
4,2-Aug,M,13,1197,30,Control,0,27.073,,LB
4,2-Aug,M,14,1198,30,Control,0,28.696,,LB
4,2-Aug,M,15,1199,30,Control,0,23.942,,LB
4,2-Aug,P,1,1200,30,Outhouse,0,25.842,,LB
4,2-Aug,P,2,1201,30,Outhouse,0,26.179,,LB
4,2-Aug,P,3,1202,30,Outhouse,0,21.641,,LB
4,2-Aug,P,4,1203,30,Outhouse,0,29.822,,LB
4,2-Aug,P,5,1204,30,Outhouse,0,33.932,,LB
4,2-Aug,P,6,1205,30,Outhouse,0,23.391,,LB
4,2-Aug,P,7,1206,30,Outhouse,0,25.266,,LB
4,2-Aug,P,8,1207,30,Outhouse,0,30.336,,LB
4,2-Aug,P,9,1208,30,Outhouse,0,20.896,,LB
4,2-Aug,P,10,1209,30,Outhouse,0,27.933,,LB
4,2-Aug,P,11,1210,30,Outhouse,0,26.847,,LB
4,2-Aug,P,12,1211,30,Outhouse,0,30.726,,LB
4,2-Aug,P,13,1212,30,Outhouse,0,28.173,,LB
4,2-Aug,P,14,1213,30,Outhouse,0,24.606,,LB
4,2-Aug,P,15,1214,30,Outhouse,0,25.006,,LB
5,5-Aug,A,1,1215,3,Outhouse,0,27.781,Wet bees,LV
5,5-Aug,A,2,1216,3,Outhouse,0,24.888,,LV
5,5-Aug,A,3,1217,3,Outhouse,0,27.145,,LV
5,5-Aug,A,4,1218,3,Outhouse,0,29.473,,LV
5,5-Aug,A,5,1219,3,Outhouse,0,27.37,,LV
5,5-Aug,A,6,1220,3,Outhouse,0,22.31,,LV
5,5-Aug,A,7,1221,3,Outhouse,0,26.125,,LV
5,5-Aug,A,8,1222,3,Outhouse,0,26.598,,LV
5,5-Aug,A,9,1223,3,Outhouse,0,25.687,,LV
5,5-Aug,A,10,1224,3,Outhouse,0,28.991,,LV
5,5-Aug,A,11,1225,3,Outhouse,0,26.148,,LV
5,5-Aug,A,12,1226,3,Outhouse,0,28.311,,LV
5,5-Aug,A,13,1227,3,Outhouse,0,27.981,,LV
5,5-Aug,A,14,1228,3,Outhouse,0,26.25,,LV
5,5-Aug,A,15,1229,3,Outhouse,0,24.516,,LV
5,5-Aug,G,1,1230,30,Outhouse,0,30.027,,LV
5,5-Aug,G,2,1231,30,Outhouse,0,26.678,,LV
5,5-Aug,G,3,1232,30,Outhouse,69,30.394,,LV
5,5-Aug,G,4,1233,30,Outhouse,0,26.31,,LV
5,5-Aug,G,5,1234,30,Outhouse,0,28.452,,LV
5,5-Aug,G,6,1235,30,Outhouse,0,24.049,,LV
5,5-Aug,G,7,1236,30,Outhouse,0,29.461,,LV
5,5-Aug,G,8,1237,30,Outhouse,0,22.731,,LV
5,5-Aug,G,9,1238,30,Outhouse,0,28.576,,LV
5,5-Aug,G,10,1239,30,Outhouse,0,25.266,,LV
5,5-Aug,G,11,1240,30,Outhouse,0,26.936,,LV
5,5-Aug,G,12,1241,30,Outhouse,18,25.893,,LV
5,5-Aug,G,13,1242,30,Outhouse,0,26.936,,LV
5,5-Aug,G,14,1243,30,Outhouse,196,23.603,,LV
5,5-Aug,G,15,1244,30,Outhouse,0,26.31,,LV
5,5-Aug,K,1,1245,3,Control,78,26.179,,LB
5,5-Aug,K,2,1246,3,Control,0,25.256,,LB
5,5-Aug,K,3,1247,3,Control,31,31.136,,LB
5,5-Aug,K,4,1248,3,Control,27,28.991,,LB
5,5-Aug,K,5,1249,3,Control,76,29.052,,LB
5,5-Aug,K,6,1250,3,Control,3,26.988,,LB
5,5-Aug,K,7,1251,3,Control,28,26.545,,LB
5,5-Aug,K,8,1252,3,Control,29,25.186,,LB
5,5-Aug,K,9,1253,3,Control,53,25.259,,LB
5,5-Aug,K,10,1254,3,Control,0,26.431,,LB
5,5-Aug,K,11,1255,3,Control,54,24.17,,LB
5,5-Aug,K,12,1256,3,Control,0,29.138,,LB
5,5-Aug,K,13,1257,3,Control,48,30.071,,LB
5,5-Aug,K,14,1258,3,Control,119,28.352,,LB
5,5-Aug,K,15,1259,3,Control,4,25.893,,LB
5,5-Aug,T,1,1260,30,Control,0,26.148,Wet Bees,LB
5,5-Aug,T,2,1261,30,Control,0,24.019,,LB
5,5-Aug,T,3,1262,30,Control,0,25.266,,LB
5,5-Aug,T,4,1263,30,Control,0,23.808,,LB
5,5-Aug,T,5,1264,30,Control,0,27.781,,LB
5,5-Aug,T,6,1265,30,Control,0,27.473,,LB
5,5-Aug,T,7,1266,30,Control,0,26.988,,LB
5,5-Aug,T,8,1267,30,Control,0,24.023,,LB
5,5-Aug,T,9,1268,30,Control,0,29.235,,LB
5,5-Aug,T,10,1269,30,Control,0,28.869,,LB
5,5-Aug,T,11,1270,30,Control,0,27.044,,LB
5,5-Aug,T,12,1271,30,Control,0,26.341,,LB
5,5-Aug,T,13,1272,30,Control,0,29.488,,LB
5,5-Aug,T,14,1273,30,Control,0,26.578,,LB
5,5-Aug,T,15,1274,30,Control,0,23.993,,LB
5,6-Aug,B,1,1275,3,Outhouse,52,30.726,,LB
5,6-Aug,B,2,1276,3,Outhouse,31,23.603,,LB
5,6-Aug,B,3,1277,3,Outhouse,0,29.488,,LB
5,6-Aug,B,4,1278,3,Outhouse,114,30.329,,LB
5,6-Aug,B,5,1279,3,Outhouse,26,28.73,,LB
5,6-Aug,B,6,1280,3,Outhouse,14,22.03,long skinnies,LB
5,6-Aug,B,7,1281,3,Outhouse,127,26.016,long skinnies,LB
5,6-Aug,B,8,1282,3,Outhouse,86,24.356,,LB
5,6-Aug,B,9,1283,3,Outhouse,62,26.148,,LB
5,6-Aug,B,10,1284,3,Outhouse,57,33.273,long skinnies,LB
5,6-Aug,B,11,1285,3,Outhouse,180,25.704,long skinnies,LB
5,6-Aug,B,12,1286,3,Outhouse,122,24.846,long skinnies,LB
5,6-Aug,B,13,1287,3,Outhouse,37,24.501,,LB
5,6-Aug,B,14,1288,3,Outhouse,70,26.26,long skinnies,LB
5,6-Aug,B,15,1289,3,Outhouse,108,23.692,long skinnies,LB
5,6-Aug,E,1,1290,30,Outhouse,0,25.961,,LV
5,6-Aug,E,2,1291,30,Outhouse,0,26.31,,LV
5,6-Aug,E,3,1292,30,Outhouse,0,29.138,,LV
5,6-Aug,E,4,1293,30,Outhouse,0,21.666,,LV
5,6-Aug,E,5,1294,30,Outhouse,0,26.936,,LV
5,6-Aug,E,6,1295,30,Outhouse,0,31.666,,LV
5,6-Aug,E,7,1296,30,Outhouse,0,22.03,,LV
5,6-Aug,E,8,1297,30,Outhouse,0,27.331,,LV
5,6-Aug,E,9,1298,30,Outhouse,0,32.111,,LV
5,6-Aug,E,10,1299,30,Outhouse,0,23.152,,LV
5,6-Aug,E,11,1300,30,Outhouse,0,21.873,,LV
5,6-Aug,E,12,1301,30,Outhouse,0,25.119,,LV
5,6-Aug,E,13,1302,30,Outhouse,0,32.407,,LV
5,6-Aug,E,14,1303,30,Outhouse,0,29.569,,LV
5,6-Aug,E,15,1304,30,Outhouse,0,28.277,,LV
5,6-Aug,F,1,1305,30,Control,119,23.629,,LB
5,6-Aug,F,2,1306,30,Control,31,23.663,,LB
5,6-Aug,F,3,1307,30,Control,14,25.378,,LB
5,6-Aug,F,4,1308,30,Control,0,29.464,,LB
5,6-Aug,F,5,1309,30,Control,100,25.34,,LB
5,6-Aug,F,6,1310,30,Control,0,29.885,,LB
5,6-Aug,F,7,1311,30,Control,189,29.068,long skinnies,LB
5,6-Aug,F,8,1312,30,Control,0,29.15,,LB
5,6-Aug,F,9,1313,30,Control,42,24.703,,LB
5,6-Aug,F,10,1314,30,Control,33,26.431,,LB
5,6-Aug,F,11,1315,30,Control,98,28.399,,LB
5,6-Aug,F,12,1316,30,Control,0,28.647,,LB
5,6-Aug,F,13,1317,30,Control,1,29.632,,LB
5,6-Aug,F,14,1318,30,Control,0,24.92,,LB
5,6-Aug,F,15,1319,30,Control,149,26.728,,LB
5,6-Aug,L,1,1320,3,Control,135,23.663,long skinnies,LB
5,6-Aug,L,2,1321,3,Control,31,27.437,,LB
5,6-Aug,L,3,1322,3,Control,0,24.541,,LB
5,6-Aug,L,4,1323,3,Control,0,33.986,,LB
5,6-Aug,L,5,1324,3,Control,38,25.256,long skinnies,LB
5,6-Aug,L,6,1325,3,Control,0,26.097,,LB
5,6-Aug,L,7,1326,3,Control,0,25.677,,LB
5,6-Aug,L,8,1327,3,Control,4,26.528,long skinnies,LB
5,6-Aug,L,9,1328,3,Control,0,26.949,,LB
5,6-Aug,L,10,1329,3,Control,153,27.408,long skinnies,LB
5,6-Aug,L,11,1330,3,Control,0,17.44,,LB
5,6-Aug,L,12,1331,3,Control,0,24.959,,LB
5,6-Aug,L,13,1332,3,Control,0,31.997,,LB
5,6-Aug,L,14,1333,3,Control,0,25.673,,LB
5,6-Aug,L,15,1334,3,Control,0,24.196,,LB
5,6-Aug,C,1,1335,3,Outhouse,0,27.36,,LB
5,6-Aug,C,2,1336,3,Outhouse,0,28.724,,LB
5,6-Aug,C,3,1337,3,Outhouse,0,28.227,,LB
5,6-Aug,C,4,1338,3,Outhouse,0,27.781,,LB
5,6-Aug,C,5,1339,3,Outhouse,0,26.097,,LB
5,6-Aug,C,6,1340,3,Outhouse,0,21.53,,LB
5,6-Aug,C,7,1341,3,Outhouse,0,27.201,,LB
5,6-Aug,C,8,1342,3,Outhouse,0,28.73,,LB
5,6-Aug,C,9,1343,3,Outhouse,0,28.622,,LB
5,6-Aug,C,10,1344,3,Outhouse,0,29.891,,LB
5,6-Aug,C,11,1345,3,Outhouse,0,21.481,,LB
5,6-Aug,C,12,1346,3,Outhouse,0,26.661,,LB
5,6-Aug,C,13,1347,3,Outhouse,0,29.407,,LB
5,6-Aug,C,14,1348,3,Outhouse,0,27.515,,LB
5,6-Aug,C,15,1349,3,Outhouse,0,21.111,,LB
5,7-Aug,D,1,1350,3,Outhouse,0,29.929,,LV
5,7-Aug,D,2,1351,3,Outhouse,0,30.376,,LV
5,7-Aug,D,3,1352,3,Outhouse,0,31.577,,LV
5,7-Aug,D,4,1353,3,Outhouse,0,28.201,,LV
5,7-Aug,D,5,1354,3,Outhouse,0,27.331,,LV
5,7-Aug,D,6,1355,3,Outhouse,0,27.073,,LV
5,7-Aug,D,7,1356,3,Outhouse,0,31.326,,LV
5,7-Aug,D,8,1357,3,Outhouse,0,29.15,,LV
5,7-Aug,D,9,1358,3,Outhouse,0,25.673,,LV
5,7-Aug,D,10,1359,3,Outhouse,0,23.041,,LV
5,7-Aug,D,11,1360,3,Outhouse,0,30.349,,LV
5,7-Aug,D,12,1361,3,Outhouse,0,26.545,,LV
5,7-Aug,D,13,1362,3,Outhouse,0,29.965,,LV
5,7-Aug,D,14,1363,3,Outhouse,0,28.991,,LV
5,7-Aug,D,15,1364,3,Outhouse,0,30.355,,LV
5,7-Aug,H,1,1365,30,Control,13,18.958,,LB
5,7-Aug,H,2,1366,30,Control,0,26.125,,LB
5,7-Aug,H,3,1367,30,Control,0,32.319,,LB
5,7-Aug,H,4,1368,30,Control,27,26.949,,LB
5,7-Aug,H,5,1369,30,Control,57,29.343,,LB
5,7-Aug,H,6,1370,30,Control,4,21.111,,LB
5,7-Aug,H,7,1371,30,Control,0,26.108,,LB
5,7-Aug,H,8,1372,30,Control,4,24.846,,LB
5,7-Aug,H,9,1373,30,Control,0,29.04,,LB
5,7-Aug,H,10,1374,30,Control,34,28.511,,LB
5,7-Aug,H,11,1375,30,Control,80,26.216,long skinnies,LB
5,7-Aug,H,12,1376,30,Control,0,24.541,,LB
5,7-Aug,H,13,1377,30,Control,2,28.73,,LB
5,7-Aug,H,14,1378,30,Control,11,28.076,,LB
5,7-Aug,H,15,1379,30,Control,0,28.085,,LB
5,7-Aug,I,1,1380,30,Outhouse,0,28.619,,LB
5,7-Aug,I,2,1381,30,Outhouse,0,27.806,,LB
5,7-Aug,I,3,1382,30,Outhouse,0,30.541,,LB
5,7-Aug,I,4,1383,30,Outhouse,0,30.027,,LB
5,7-Aug,I,5,1384,30,Outhouse,0,27.819,,LB
5,7-Aug,I,6,1385,30,Outhouse,0,25.797,,LB
5,7-Aug,I,7,1386,30,Outhouse,0,25.704,,LB
5,7-Aug,I,8,1387,30,Outhouse,0,25.842,,LB
5,7-Aug,I,9,1388,30,Outhouse,1,25.266,,LB
5,7-Aug,I,10,1389,30,Outhouse,0,27.828,,LB
5,7-Aug,I,11,1390,30,Outhouse,0,29.052,,LB
5,7-Aug,I,12,1391,30,Outhouse,0,24.122,,LB
5,7-Aug,I,13,1392,30,Outhouse,0,30.793,,LB
5,7-Aug,I,14,1393,30,Outhouse,0,31.577,,LB
5,7-Aug,I,15,1394,30,Outhouse,0,25.308,,LB
5,7-Aug,N,1,1395,3,Control,0,27.984,,LB
5,7-Aug,N,2,1396,3,Control,0,28.511,,LB
5,7-Aug,N,3,1397,3,Control,0,25.119,,LB
5,7-Aug,N,4,1398,3,Control,0,28.647,,LB
5,7-Aug,N,5,1399,3,Control,0,31.845,,LB
5,7-Aug,N,6,1400,3,Control,0,30.376,,LB
5,7-Aug,N,7,1401,3,Control,0,26.016,,LB
5,7-Aug,N,8,1402,3,Control,0,29.894,,LB
5,7-Aug,N,9,1403,3,Control,0,24.004,,LB
5,7-Aug,N,10,1404,3,Control,0,26.165,,LB
5,7-Aug,N,11,1405,3,Control,0,30.177,,LB
5,7-Aug,N,12,1406,3,Control,0,32.581,,LB
5,7-Aug,N,13,1407,3,Control,0,29.235,,LB
5,7-Aug,N,14,1408,3,Control,0,30.408,,LB
5,7-Aug,N,15,1409,3,Control,0,28.397,,LB
5,8-Aug,P,1,1410,30,Outhouse,0,29.043,,LV
5,8-Aug,P,2,1411,30,Outhouse,0,19.314,,LV
5,8-Aug,P,3,1412,30,Outhouse,0,26.016,,LV
5,8-Aug,P,4,1413,30,Outhouse,0,28.035,,LV
5,8-Aug,P,5,1414,30,Outhouse,0,25.424,,LV
5,8-Aug,P,6,1415,30,Outhouse,0,29.476,,LV
5,8-Aug,P,7,1416,30,Outhouse,0,30.408,,LV
5,8-Aug,P,8,1417,30,Outhouse,0,31.19,,LV
5,8-Aug,P,9,1418,30,Outhouse,0,29.464,,LV
5,8-Aug,P,10,1419,30,Outhouse,0,21.901,,LV
5,8-Aug,P,11,1420,30,Outhouse,0,26.568,,LV
5,8-Aug,P,12,1421,30,Outhouse,0,32.21,,LV
5,8-Aug,P,13,1422,30,Outhouse,0,27.096,,LV
5,8-Aug,P,14,1423,30,Outhouse,0,30.726,,LV
5,8-Aug,P,15,1424,30,Outhouse,0,30.408,,LV
5,8-Aug,R,1,1425,3,Outhouse,0,25.535,,LV
5,8-Aug,R,2,1426,3,Outhouse,0,30.539,,LV
5,8-Aug,R,3,1427,3,Outhouse,0,28.696,,LV
5,8-Aug,R,4,1428,3,Outhouse,0,23.603,,LV
5,8-Aug,R,5,1429,3,Outhouse,0,28.77,,LV
5,8-Aug,R,6,1430,3,Outhouse,0,32.925,,LV
5,8-Aug,R,7,1431,3,Outhouse,0,19.433,,LV
5,8-Aug,R,8,1432,3,Outhouse,0,28.896,,LV
5,8-Aug,R,9,1433,3,Outhouse,0,30.721,,LV
5,8-Aug,R,10,1434,3,Outhouse,0,32.41,,LV
5,8-Aug,R,11,1435,3,Outhouse,0,27.563,,LV
5,8-Aug,R,12,1436,3,Outhouse,0,31.01,,LV
5,8-Aug,R,13,1437,3,Outhouse,0,21.547,,LV
5,8-Aug,R,14,1438,3,Outhouse,0,26.515,,LV
5,8-Aug,R,15,1439,3,Outhouse,0,30.492,,LV
5,8-Aug,J,1,1440,30,Outhouse,0,21.295,,LB
5,8-Aug,J,2,1441,30,Outhouse,0,24.501,,LB
5,8-Aug,J,3,1442,30,Outhouse,0,23.629,,LB
5,8-Aug,J,4,1443,30,Outhouse,0,31.156,,LB
5,8-Aug,J,5,1444,30,Outhouse,0,30.539,,LB
5,8-Aug,J,6,1445,30,Outhouse,0,31.453,,LB
5,8-Aug,J,7,1446,30,Outhouse,0,23.942,,LB
5,8-Aug,J,8,1447,30,Outhouse,0,21.048,,LB
5,8-Aug,J,9,1448,30,Outhouse,0,23.663,,LB
5,8-Aug,J,10,1449,30,Outhouse,0,25.893,,LB
5,8-Aug,J,11,1450,30,Outhouse,0,25.266,,LB
5,8-Aug,J,12,1451,30,Outhouse,0,27.898,,LB
5,8-Aug,J,13,1452,30,Outhouse,0,21.889,,LB
5,8-Aug,J,14,1453,30,Outhouse,0,22.871,,LB
5,8-Aug,J,15,1454,30,Outhouse,0,29.653,,LB
5,8-Aug,M,1,1455,30,Control,0,26.26,,LB
5,8-Aug,M,2,1456,30,Control,0,27.984,,LB
5,8-Aug,M,3,1457,30,Control,21,22.762,,LB
5,8-Aug,M,4,1458,30,Control,0,19.852,,LB
5,8-Aug,M,5,1459,30,Control,9,22.449,,LB
5,8-Aug,M,6,1460,30,Control,0,25.838,,LB
5,8-Aug,M,7,1461,30,Control,0,27.256,,LB
5,8-Aug,M,8,1462,30,Control,0,28.669,,LB
5,8-Aug,M,9,1463,30,Control,0,36.618,,LB
5,8-Aug,M,10,1464,30,Control,0,25.322,,LB
5,8-Aug,M,11,1465,30,Control,0,26.651,,LB
5,8-Aug,M,12,1466,30,Control,152,26.219,,LB
5,8-Aug,M,13,1467,30,Control,0,30.238,,LB
5,8-Aug,M,14,1468,30,Control,0,22.447,,LB
5,8-Aug,M,15,1469,30,Control,45,29.894,,LB
5,8-Aug,O,1,1470,3,Control,0,27.746,,LV
5,8-Aug,O,2,1471,3,Control,0,32.407,,LV
5,8-Aug,O,3,1472,3,Control,0,25.34,,LV
5,8-Aug,O,4,1473,3,Control,0,28.227,,LV
5,8-Aug,O,5,1474,3,Control,0,25.427,,LV
5,8-Aug,O,6,1475,3,Control,0,26.728,,LV
5,8-Aug,O,7,1476,3,Control,0,27.201,,LV
5,8-Aug,O,8,1477,3,Control,0,29.235,,LV
5,8-Aug,O,9,1478,3,Control,0,28.095,,LV
5,8-Aug,O,10,1479,3,Control,0,30.376,,LV
5,8-Aug,O,11,1480,3,Control,0,26.949,,LV
5,8-Aug,O,12,1481,3,Control,0,30.349,,LV
5,8-Aug,O,13,1482,3,Control,0,28.095,,LV
5,8-Aug,O,14,1483,3,Control,0,29.219,,LV
5,8-Aug,O,15,1484,3,Control,0,29.908,,LV
5,9-Aug,S,1,1485,3,Control,0,23.606,,LV
5,9-Aug,S,2,1486,3,Control,0,22.727,,LV
5,9-Aug,S,3,1487,3,Control,0,26.635,,LV
5,9-Aug,S,4,1488,3,Control,0,21.149,,LV
5,9-Aug,S,5,1489,3,Control,0,27.057,,LV
5,9-Aug,S,6,1490,3,Control,0,27.892,,LV
5,9-Aug,S,7,1491,3,Control,0,30.379,,LV
5,9-Aug,S,8,1492,3,Control,0,28.452,,LV
5,9-Aug,S,9,1493,3,Control,0,23.956,,LV
5,9-Aug,S,10,1494,3,Control,0,26.949,,LV
5,9-Aug,S,11,1495,3,Control,0,28.647,,LV
5,9-Aug,S,12,1496,3,Control,0,24.104,,LV
5,9-Aug,S,13,1497,3,Control,0,26.148,,LV
5,9-Aug,S,14,1498,3,Control,0,23.99,,LV
5,9-Aug,S,15,1499,3,Control,0,24.468,,LV
5,9-Aug,Q,1,1500,30,Control,81,25.842,,LV
5,9-Aug,Q,2,1501,30,Control,0,28.807,,LV
5,9-Aug,Q,3,1502,30,Control,0,27.054,,LV
5,9-Aug,Q,4,1503,30,Control,188,23.603,,LV
5,9-Aug,Q,5,1504,30,Control,0,29.653,,LV
5,9-Aug,Q,6,1505,30,Control,0,27.79,,LV
5,9-Aug,Q,7,1506,30,Control,0,27.386,,LV
5,9-Aug,Q,8,1507,30,Control,17,28.501,,LV
5,9-Aug,Q,9,1508,30,Control,11,25.728,,LV
5,9-Aug,Q,10,1509,30,Control,44,29.307,,LV
5,9-Aug,Q,11,1510,30,Control,49,26.438,,LV
5,9-Aug,Q,12,1511,30,Control,94,24.984,,LV
5,9-Aug,Q,13,1512,30,Control,11,25.252,,LV
5,9-Aug,Q,14,1513,30,Control,89,26.31,,LV
5,9-Aug,Q,15,1514,30,Control,0,28.511,,LV
6,12-Aug,A,1,1515,3,Outhouse,0,29.286,"wet, oily",LB
6,12-Aug,A,2,1516,3,Outhouse,0,24.846,,LB
6,12-Aug,A,3,1517,3,Outhouse,0,29.965,,LB
6,12-Aug,A,4,1518,3,Outhouse,0,32.319,,LB
6,12-Aug,A,5,1519,3,Outhouse,0,20.64,,LB
6,12-Aug,A,6,1520,3,Outhouse,0,26.515,,LB
6,12-Aug,A,7,1521,3,Outhouse,0,31.986,,LB
6,12-Aug,A,8,1522,3,Outhouse,0,27.892,,LB
6,12-Aug,A,9,1523,3,Outhouse,0,22.374,,LB
6,12-Aug,A,10,1524,3,Outhouse,0,28.396,,LB
6,12-Aug,A,11,1525,3,Outhouse,0,36.334,,LB
6,12-Aug,A,12,1526,3,Outhouse,0,34.403,,LB
6,12-Aug,A,13,1527,3,Outhouse,0,30.457,,LB
6,12-Aug,A,14,1528,3,Outhouse,0,35.575,,LB
6,12-Aug,A,15,1529,3,Outhouse,0,30.758,,LB
6,12-Aug,G,1,1530,30,Outhouse,0,24.049,,LV
6,12-Aug,G,2,1531,30,Outhouse,0,24.287,,LV
6,12-Aug,G,3,1532,30,Outhouse,0,35.353,,LV
6,12-Aug,G,4,1533,30,Outhouse,0,24.831,,LV
6,12-Aug,G,5,1534,30,Outhouse,0,29.473,,LV
6,12-Aug,G,6,1535,30,Outhouse,12,28.386,,LV
6,12-Aug,G,7,1536,30,Outhouse,0,26.108,,LV
6,12-Aug,G,8,1537,30,Outhouse,0,27.018,,LV
6,12-Aug,G,9,1538,30,Outhouse,0,30.87,,LV
6,12-Aug,G,10,1539,30,Outhouse,0,26.939,,LV
6,12-Aug,G,11,1540,30,Outhouse,17,25.059,,LV
6,12-Aug,G,12,1541,30,Outhouse,0,34.349,,LV
6,12-Aug,G,13,1542,30,Outhouse,3,22.731,,LV
6,12-Aug,G,14,1543,30,Outhouse,8,24.92,,LV
6,12-Aug,G,15,1544,30,Outhouse,4,30.13,,LV
6,12-Aug,K,1,1545,3,Control,0,31.989,,LB
6,12-Aug,K,2,1546,3,Control,136,24.004,,LB
6,12-Aug,K,3,1547,3,Control,53,21.53,,LB
6,12-Aug,K,4,1548,3,Control,0,22.306,,LB
6,12-Aug,K,5,1549,3,Control,13,26.949,,LB
6,12-Aug,K,6,1550,3,Control,0,23.335,,LB
6,12-Aug,K,7,1551,3,Control,0,30.724,,LB
6,12-Aug,K,8,1552,3,Control,0,25.842,,LB
6,12-Aug,K,9,1553,3,Control,52,23.163,,LB
6,12-Aug,K,10,1554,3,Control,2,26.598,,LB
6,12-Aug,K,11,1555,3,Control,123,27.473,,LB
6,12-Aug,K,12,1556,3,Control,0,25.006,,LB
6,12-Aug,K,13,1557,3,Control,0,26.992,,LB
6,12-Aug,K,14,1558,3,Control,12,24.082,,LB
6,12-Aug,K,15,1559,3,Control,1,28.991,,LB
6,12-Aug,T,1,1560,30,Control,0,26.528,,LV
6,12-Aug,T,2,1561,30,Control,0,23.456,,LV
6,12-Aug,T,3,1562,30,Control,0,23.163,,LV
6,12-Aug,T,4,1563,30,Control,0,25.252,,LV
6,12-Aug,T,5,1564,30,Control,0,27.096,,LV
6,12-Aug,T,6,1565,30,Control,0,27.981,,LV
6,12-Aug,T,7,1566,30,Control,0,28.211,,LV
6,12-Aug,T,8,1567,30,Control,0,22.731,,LV
6,12-Aug,T,9,1568,30,Control,0,22.975,,LV
6,12-Aug,T,10,1569,30,Control,0,27.463,,LV
6,12-Aug,T,11,1570,30,Control,0,27.781,,LV
6,12-Aug,T,12,1571,30,Control,0,24.917,,LV
6,12-Aug,T,13,1572,30,Control,0,26.754,,LV
6,12-Aug,T,14,1573,30,Control,0,23.243,,LV
6,12-Aug,T,15,1574,30,Control,0,25.951,,LV
6,13-Aug,B,1,1575,3,Outhouse,89,23.209,"wet, oily",LB
6,13-Aug,B,2,1576,3,Outhouse,82,19.893,,LB
6,13-Aug,B,3,1577,3,Outhouse,0,27.857,,LB
6,13-Aug,B,4,1578,3,Outhouse,24,25.673,,LB
6,13-Aug,B,5,1579,3,Outhouse,154,30.379,,LB
6,13-Aug,B,6,1580,3,Outhouse,147,27.437,,LB
6,13-Aug,B,7,1581,3,Outhouse,51,23.243,,LB
6,13-Aug,B,8,1582,3,Outhouse,65,24.835,,LB
6,13-Aug,B,9,1583,3,Outhouse,133,28.227,,LB
6,13-Aug,B,10,1584,3,Outhouse,109,27.79,,LB
6,13-Aug,B,11,1585,3,Outhouse,61,25.34,,LB
6,13-Aug,B,12,1586,3,Outhouse,16,29.76,,LB
6,13-Aug,B,13,1587,3,Outhouse,85,27.515,,LB
6,13-Aug,B,14,1588,3,Outhouse,117,25.214,,LB
6,13-Aug,B,15,1589,3,Outhouse,17,29.831,,LB
6,13-Aug,E,1,1590,30,Outhouse,0,23.786,,LB
6,13-Aug,E,2,1591,30,Outhouse,0,28.311,,LB
6,13-Aug,E,3,1592,30,Outhouse,0,25.728,,LB
6,13-Aug,E,4,1593,30,Outhouse,0,30.724,,LB
6,13-Aug,E,5,1594,30,Outhouse,0,28.582,,LB
6,13-Aug,E,6,1595,30,Outhouse,0,28.647,,LB
6,13-Aug,E,7,1596,30,Outhouse,0,27.486,,LB
6,13-Aug,E,8,1597,30,Outhouse,0,29.476,,LB
6,13-Aug,E,9,1598,30,Outhouse,0,29.908,,LB
6,13-Aug,E,10,1599,30,Outhouse,0,22.975,,LB
6,13-Aug,E,11,1600,30,Outhouse,0,25.704,,LB
6,13-Aug,E,12,1601,30,Outhouse,0,30.735,,LB
6,13-Aug,E,13,1602,30,Outhouse,0,27.357,,LB
6,13-Aug,E,14,1603,30,Outhouse,0,26.949,,LB
6,13-Aug,E,15,1604,30,Outhouse,0,31.568,,LB
6,13-Aug,F,1,1605,30,Control,18,23.281,,LV
6,13-Aug,F,2,1606,30,Control,4,29.536,,LV
6,13-Aug,F,3,1607,30,Control,145,27.054,,LV
6,13-Aug,F,4,1608,30,Control,47,27.162,,LV
6,13-Aug,F,5,1609,30,Control,30,24.425,,LV
6,13-Aug,F,6,1610,30,Control,72,24.92,,LV
6,13-Aug,F,7,1611,30,Control,44,27.828,,LV
6,13-Aug,F,8,1612,30,Control,17,26.678,,LV
6,13-Aug,F,9,1613,30,Control,78,25.284,,LV
6,13-Aug,F,10,1614,30,Control,205,26.265,,LV
6,13-Aug,F,11,1615,30,Control,0,24.703,,LV
6,13-Aug,F,12,1616,30,Control,40,26.367,,LV
6,13-Aug,F,13,1617,30,Control,0,26.216,,LV
6,13-Aug,F,14,1618,30,Control,76,30.539,,LV
6,13-Aug,F,15,1619,30,Control,73,25.256,,LV
6,13-Aug,L,1,1620,3,Control,3,23.993,,LV
6,13-Aug,L,2,1621,3,Control,0,26.148,,LV
6,13-Aug,L,3,1622,3,Control,43,23.152,,LV
6,13-Aug,L,4,1623,3,Control,0,27.145,,LV
6,13-Aug,L,5,1624,3,Control,74,21.567,,LV
6,13-Aug,L,6,1625,3,Control,39,23.584,,LV
6,13-Aug,L,7,1626,3,Control,0,27.36,,LV
6,13-Aug,L,8,1627,3,Control,17,24.831,,LV
6,13-Aug,L,9,1628,3,Control,0,27.437,,LV
6,13-Aug,L,10,1629,3,Control,113,26.26,,LV
6,13-Aug,L,11,1630,3,Control,0,29.043,,LV
6,13-Aug,L,12,1631,3,Control,0,25.256,,LV
6,13-Aug,L,13,1632,3,Control,0,25.119,,LV
6,13-Aug,L,14,1633,3,Control,162,26.31,,LV
6,13-Aug,L,15,1634,3,Control,0,28.622,,LV
6,14-Aug,C,1,1635,3,Outhouse,0,29.286,,LB
6,14-Aug,C,2,1636,3,Outhouse,0,30.314,,LB
6,14-Aug,C,3,1637,3,Outhouse,0,32.366,,LB
6,14-Aug,C,4,1638,3,Outhouse,0,29.551,,LB
6,14-Aug,C,5,1639,3,Outhouse,0,26.179,,LB
6,14-Aug,C,6,1640,3,Outhouse,0,24.846,,LB
6,14-Aug,C,7,1641,3,Outhouse,0,26.661,,LB
6,14-Aug,C,8,1642,3,Outhouse,0,30.721,,LB
6,14-Aug,C,9,1643,3,Outhouse,0,26.31,,LB
6,14-Aug,C,10,1644,3,Outhouse,0,24.082,,LB
6,14-Aug,C,11,1645,3,Outhouse,0,25.759,,LB
6,14-Aug,C,12,1646,3,Outhouse,0,31.989,,LB
6,14-Aug,C,13,1647,3,Outhouse,0,26.568,,LB
6,14-Aug,C,14,1648,3,Outhouse,0,27.515,,LB
6,14-Aug,C,15,1649,3,Outhouse,0,22.322,,LB
6,14-Aug,D,1,1650,3,Outhouse,0,25.252,,LB
6,14-Aug,D,2,1651,3,Outhouse,0,27.981,,LB
6,14-Aug,D,3,1652,3,Outhouse,0,28.696,,LB
6,14-Aug,D,4,1653,3,Outhouse,0,18.981,,LB
6,14-Aug,D,5,1654,3,Outhouse,0,28.511,,LB
6,14-Aug,D,6,1655,3,Outhouse,0,28.77,,LB
6,14-Aug,D,7,1656,3,Outhouse,0,29.653,,LB
6,14-Aug,D,8,1657,3,Outhouse,0,24.642,,LB
6,14-Aug,D,9,1658,3,Outhouse,0,30.071,,LB
6,14-Aug,D,10,1659,3,Outhouse,0,27.054,,LB
6,14-Aug,D,11,1660,3,Outhouse,0,26.896,,LB
6,14-Aug,D,12,1661,3,Outhouse,0,27.073,,LB
6,14-Aug,D,13,1662,3,Outhouse,0,23.606,,LB
6,14-Aug,D,14,1663,3,Outhouse,0,27.357,,LB
6,14-Aug,D,15,1664,3,Outhouse,0,21.727,,LB
6,14-Aug,I,1,1665,30,Outhouse,0,28.622,,LB
6,14-Aug,I,2,1666,30,Outhouse,0,31.903,,LB
6,14-Aug,I,3,1667,30,Outhouse,0,27.781,,LB
6,14-Aug,I,4,1668,30,Outhouse,0,27.892,,LB
6,14-Aug,I,5,1669,30,Outhouse,0,30.953,,LB
6,14-Aug,I,6,1670,30,Outhouse,1,29.965,,LB
6,14-Aug,I,7,1671,30,Outhouse,29,31.07,,LB
6,14-Aug,I,8,1672,30,Outhouse,0,27.666,,LB
6,14-Aug,I,9,1673,30,Outhouse,55,26.784,,LB
6,14-Aug,I,10,1674,30,Outhouse,0,32.564,,LB
6,14-Aug,I,11,1675,30,Outhouse,24,23.285,,LB
6,14-Aug,I,12,1676,30,Outhouse,0,28.035,,LB
6,14-Aug,I,13,1677,30,Outhouse,85,29.894,,LB
6,14-Aug,I,14,1678,30,Outhouse,45,31.702,,LB
6,14-Aug,I,15,1679,30,Outhouse,44,24.004,,LB
6,14-Aug,H,1,1680,30,Control,8,28.211,,LB
6,14-Aug,H,2,1681,30,Control,9,29.536,,LB
6,14-Aug,H,3,1682,30,Control,0,29.052,,LB
6,14-Aug,H,4,1683,30,Control,15,26.367,,LB
6,14-Aug,H,5,1684,30,Control,0,29.235,,LB
6,14-Aug,H,6,1685,30,Control,10,25.308,,LB
6,14-Aug,H,7,1686,30,Control,103,26.528,,LB
6,14-Aug,H,8,1687,30,Control,21,26.148,,LB
6,14-Aug,H,9,1688,30,Control,7,25.308,,LB
6,14-Aug,H,10,1689,30,Control,8,27.846,,LB
6,14-Aug,H,11,1690,30,Control,48,29.882,,LB
6,14-Aug,H,12,1691,30,Control,12,27.898,,LB
6,14-Aug,H,13,1692,30,Control,10,28.227,,LB
6,14-Aug,H,14,1693,30,Control,18,27.746,,LB
6,14-Aug,H,15,1694,30,Control,0,27.898,,LB
6,15-Aug,J,1,1695,30,Outhouse,0,22.342,,LB
6,15-Aug,J,2,1696,30,Outhouse,0,27.331,,LB
6,15-Aug,J,3,1697,30,Outhouse,0,31.147,,LB
6,15-Aug,J,4,1698,30,Outhouse,0,24.703,,LB
6,15-Aug,J,5,1699,30,Outhouse,0,31.326,,LB
6,15-Aug,J,6,1700,30,Outhouse,0,29.464,,LB
6,15-Aug,J,7,1701,30,Outhouse,0,24.846,,LB
6,15-Aug,J,8,1702,30,Outhouse,0,24.959,,LB
6,15-Aug,J,9,1703,30,Outhouse,0,32.541,,LB
6,15-Aug,J,10,1704,30,Outhouse,0,20.272,,LB
6,15-Aug,J,11,1705,30,Outhouse,0,22.37,,LB
6,15-Aug,J,12,1706,30,Outhouse,0,25.677,,LB
6,15-Aug,J,13,1707,30,Outhouse,0,29.488,,LB
6,15-Aug,J,14,1708,30,Outhouse,0,23.243,,LB
6,15-Aug,J,15,1709,30,Outhouse,0,26.965,,LB
6,15-Aug,M,1,1710,30,Control,16,30.654,,LB
6,15-Aug,M,2,1711,30,Control,1,27.018,,LB
6,15-Aug,M,3,1712,30,Control,0,20.315,,LB
6,15-Aug,M,4,1713,30,Control,0,29.15,,LB
6,15-Aug,M,5,1714,30,Control,0,33.838,,LB
6,15-Aug,M,6,1715,30,Control,27,23.209,,LB
6,15-Aug,M,7,1716,30,Control,40,28.201,,LB
6,15-Aug,M,8,1717,30,Control,1,29.089,,LB
6,15-Aug,M,9,1718,30,Control,0,24.516,,LB
6,15-Aug,M,10,1719,30,Control,12,29.76,,LB
6,15-Aug,M,11,1720,30,Control,3,25.476,,LB
6,15-Aug,M,12,1721,30,Control,0,20.832,,LB
6,15-Aug,M,13,1722,30,Control,21,30.247,,LB
6,15-Aug,M,14,1723,30,Control,0,21.464,,LB
6,15-Aug,M,15,1724,30,Control,32,28.161,,LB
6,15-Aug,O,1,1725,3,Control,0,29.761,,LB
6,15-Aug,O,2,1726,3,Control,0,27.98,,LB
6,15-Aug,O,3,1727,3,Control,0,30.492,,LB
6,15-Aug,O,4,1728,3,Control,0,27.252,,LB
6,15-Aug,O,5,1729,3,Control,0,29.366,,LB
6,15-Aug,O,6,1730,3,Control,0,25.454,,LB
6,15-Aug,O,7,1731,3,Control,0,25.875,,LB
6,15-Aug,O,8,1732,3,Control,1,33.011,,LB
6,15-Aug,O,9,1733,3,Control,0,27.4,,LB
6,15-Aug,O,10,1734,3,Control,0,25.823,,LB
6,15-Aug,O,11,1735,3,Control,0,27.227,,LB
6,15-Aug,O,12,1736,3,Control,0,29.332,,LB
6,15-Aug,O,13,1737,3,Control,0,29.012,,LB
6,15-Aug,O,14,1738,3,Control,0,28.267,,LB
6,15-Aug,O,15,1739,3,Control,0,30.784,,LB
6,15-Aug,P,1,1740,30,Outhouse,0,23.391,,LB
6,15-Aug,P,2,1741,30,Outhouse,0,29.15,,LB
6,15-Aug,P,3,1742,30,Outhouse,0,24.425,,LB
6,15-Aug,P,4,1743,30,Outhouse,0,31.215,,LB
6,15-Aug,P,5,1744,30,Outhouse,0,21.464,,LB
6,15-Aug,P,6,1745,30,Outhouse,0,30.724,,LB
6,15-Aug,P,7,1746,30,Outhouse,0,32.866,,LB
6,15-Aug,P,8,1747,30,Outhouse,0,29.089,,LB
6,15-Aug,P,9,1748,30,Outhouse,0,29.15,,LB
6,15-Aug,P,10,1749,30,Outhouse,0,26.094,,LB
6,15-Aug,P,11,1750,30,Outhouse,0,33.464,,LB
6,15-Aug,P,12,1751,30,Outhouse,0,29.286,,LB
6,15-Aug,P,13,1752,30,Outhouse,0,33.838,,LB
6,15-Aug,P,14,1753,30,Outhouse,0,30.121,,LB
6,15-Aug,P,15,1754,30,Outhouse,0,33.046,,LB
6,16-Aug,N,1,1755,3,Control,0,24.411,,LB
6,16-Aug,N,2,1756,3,Control,0,27.892,,LB
6,16-Aug,N,3,1757,3,Control,0,29.569,,LB
6,16-Aug,N,4,1758,3,Control,0,30.735,,LB
6,16-Aug,N,5,1759,3,Control,0,31.551,,LB
6,16-Aug,N,6,1760,3,Control,0,32.086,,LB
6,16-Aug,N,7,1761,3,Control,0,27.437,,LB
6,16-Aug,N,8,1762,3,Control,0,27.746,,LB
6,16-Aug,N,9,1763,3,Control,0,25.535,,LB
6,16-Aug,N,10,1764,3,Control,0,24.468,,LB
6,16-Aug,N,11,1765,3,Control,0,27.018,,LB
6,16-Aug,N,12,1766,3,Control,0,24.863,,LB
6,16-Aug,N,13,1767,3,Control,0,30.408,,LB
6,16-Aug,N,14,1768,3,Control,0,25.893,,LB
6,16-Aug,N,15,1769,3,Control,0,31.697,,LB
6,16-Aug,Q,1,1770,30,Control,0,25.266,,LB
6,16-Aug,Q,2,1771,30,Control,0,23.285,,LB
6,16-Aug,Q,3,1772,30,Control,6,26.438,,LB
6,16-Aug,Q,4,1773,30,Control,0,24.501,,LB
6,16-Aug,Q,5,1774,30,Control,0,23.456,,LB
6,16-Aug,Q,6,1775,30,Control,5,27.357,,LB
6,16-Aug,Q,7,1776,30,Control,43,27.018,,LB
6,16-Aug,Q,8,1777,30,Control,0,26.094,,LB
6,16-Aug,Q,9,1778,30,Control,0,27.357,,LB
6,16-Aug,Q,10,1779,30,Control,18,21.481,,LB
6,16-Aug,Q,11,1780,30,Control,135,27.828,"long, skinnies",LB
6,16-Aug,Q,12,1781,30,Control,2,24.846,,LB
6,16-Aug,Q,13,1782,30,Control,0,26.26,,LB
6,16-Aug,Q,14,1783,30,Control,30,25.252,,LB
6,16-Aug,Q,15,1784,30,Control,23,27.054,,LB
6,16-Aug,R,1,1785,3,Outhouse,0,28.927,,LB
6,16-Aug,R,2,1786,3,Outhouse,0,32.262,,LB
6,16-Aug,R,3,1787,3,Outhouse,0,26.568,,LB
6,16-Aug,R,4,1788,3,Outhouse,0,27.746,,LB
6,16-Aug,R,5,1789,3,Outhouse,0,21.06,,LB
6,16-Aug,R,6,1790,3,Outhouse,0,33.315,,LB
6,16-Aug,R,7,1791,3,Outhouse,0,23.391,,LB
6,16-Aug,R,8,1792,3,Outhouse,0,25.797,,LB
6,16-Aug,R,9,1793,3,Outhouse,0,31.147,,LB
6,16-Aug,R,10,1794,3,Outhouse,0,24.846,,LB
6,16-Aug,R,11,1795,3,Outhouse,0,25.728,,LB
6,16-Aug,R,12,1796,3,Outhouse,0,28.817,,LB
6,16-Aug,R,13,1797,3,Outhouse,0,24.959,,LB
6,16-Aug,R,14,1798,3,Outhouse,0,30.314,,LB
6,16-Aug,R,15,1799,3,Outhouse,0,25.186,,LB
6,16-Aug,S,1,1800,3,Control,0,29.703,,LB
6,16-Aug,S,2,1801,3,Control,0,25.34,,LB
6,16-Aug,S,3,1802,3,Control,0,26.939,,LB
6,16-Aug,S,4,1803,3,Control,0,26.578,,LB
6,16-Aug,S,5,1804,3,Control,0,29.608,,LB
6,16-Aug,S,6,1805,3,Control,0,26.936,,LB
6,16-Aug,S,7,1806,3,Control,0,28.582,,LB
6,16-Aug,S,8,1807,3,Control,0,26.545,,LB
6,16-Aug,S,9,1808,3,Control,0,25.256,,LB
6,16-Aug,S,10,1809,3,Control,0,27.563,,LB
6,16-Aug,S,11,1810,3,Control,0,29.653,,LB
6,16-Aug,S,12,1811,3,Control,0,25.34,,LB
6,16-Aug,S,13,1812,3,Control,0,29.882,,LB
6,16-Aug,S,14,1813,3,Control,0,25.284,,LB
6,16-Aug,S,15,1814,3,Control,0,29.343,,LB